Title,Description,Link
ตัวอย่างเมนูชูสุขภาพ สำหรับตักบาตร (วันศุกร์), เนื่องในสัปดาห์หน้า เป็นสัปดาห์แห่ง วิสาขบูชา   กรมอนามัย อยากชวนมาตักบาตรเสริมบุญ สร้างสุขภาพแด่พระสงฆ์ ด้วยเมนูชูสุขภาพกับ…,https://multimedia.anamai.moph.go.th/help-knowledgs/heath_me_50_monk_7/
ตัวอย่างเมนูชูสุขภาพ สำหรับตักบาตร (วันพฤหัสบดี), เนื่องในสัปดาห์หน้า เป็นสัปดาห์แห่ง วิสาขบูชา   กรมอนามัย อยากชวนมาตักบาตรเสริมบุญ สร้างสุขภาพแด่พระสงฆ์ ด้วยเมนูชูสุขภาพกับ…,https://multimedia.anamai.moph.go.th/help-knowledge/categories/health-literacy/
ตัวอย่างเมนูชูสุขภาพ สำหรับตักบาตร (วันพุธ), เนื่องในสัปดาห์หน้า เป็นสัปดาห์แห่ง วิสาขบูชา   กรมอนามัย อยากชวนมาตักบาตรเสริมบุญ สร้างสุขภาพแด่พระสงฆ์ ด้วยเมนูชูสุขภาพกับ…,https://multimedia.anamai.moph.go.th/help-knowledgs/heath_me_50_monk_7/
ตัวอย่างเมนูชูสุขภาพ สำหรับตักบาตร (วันจันทร์), เนื่องในสัปดาห์หน้า เป็นสัปดาห์แห่ง วิสาขบูชา   กรมอนามัย อยากชวนมาตักบาตรเสริมบุญ สร้างสุขภาพแด่พระสงฆ์ ด้วยเมนูชูสุขภาพกับ…,https://multimedia.anamai.moph.go.th/help-knowledgs/heath_me_49_monk_6/
ตัวอย่างเมนูชูสุขภาพ สำหรับตักบาตร (วันอังคาร), เนื่องในสัปดาห์หน้า เป็นสัปดาห์แห่ง วิสาขบูชา   กรมอนามัย อยากชวนมาตักบาตรเสริมบุญ สร้างสุขภาพแด่พระสงฆ์ ด้วยเมนูชูสุขภาพกับ…,https://multimedia.anamai.moph.go.th/help-knowledge/categories/health-literacy/
ตัวอย่างเมนูชูสุขภาพ สำหรับตักบาตร (วันอาทิตย์), เนื่องในสัปดาห์หน้า เป็นสัปดาห์แห่ง วิสาขบูชา   กรมอนามัย อยากชวนมาตักบาตรเสริมบุญ สร้างสุขภาพแด่พระสงฆ์ ด้วยเมนูชูสุขภาพกับ…,https://multimedia.anamai.moph.go.th/help-knowledgs/heath_me_49_monk_6/
ตัวอย่างเมนูชูสุขภาพ สำหรับตักบาตร (วันเสาร์), เนื่องในสัปดาห์หน้า เป็นสัปดาห์แห่ง วิสาขบูชา   กรมอนามัย อยากชวนมาตักบาตรเสริมบุญ สร้างสุขภาพแด่พระสงฆ์ ด้วยเมนูชูสุขภาพกับ…,https://multimedia.anamai.moph.go.th/help-knowledgs/heath_me_48_monk_5/
ผักผลไม้ที่ช่วยทดแทนน้ำในร่างกาย และทำให้ร่างกายสดชื่น,เติมชีวิตชีวาให้กับร่างกายหน้าร้อน แค่มีเธอ (ผัก-ผลไม้) ช่วงฤดูร้อน ที่อุณภูมิเพิ่มสูงขึ้น อาจทำให้ร่างกายรู้สึกอ่อนเพลีย และเกิดภาวะขาดน้ำไ…,https://multimedia.anamai.moph.go.th/help-knowledge/categories/health-literacy/
อาหารทะเลช่วงหน้าร้อนต้องระวังและเลือกเป็นพิเศษ,ช่วยไม่ได้อีกแล้วใจ ก็คนมันรัก “ซีฟู๊ด” โอ้โหอากาศร้อน ๆ แบบนี้ สถานที่เที่ยวยอดฮิตคงหนีไม่พ้นทะเลแน่นอน เพราะการได้นั่งกินอาหาร จิบเครื่องด…,https://multimedia.anamai.moph.go.th/help-knowledgs/heath_me_48_monk_5/
Summer time สายตาอยู่ดี,Summer time .. สายตาอยู่ดี ช่วงปิดเทอมใหญ่แบบนี้ การห้ามไม่ให้ลูกใช้ โทรศัพท์ แท็บแล็ต และโน๊ตบุ๊ค หรือ คอมพิวเตอร์ ระหว่างวัน คงเป็นเรื่องย…,https://multimedia.anamai.moph.go.th/help-knowledgs/heath_me_45_monk_2-2/
ปัด กวาด เช็ด ถู…ขัดเกลาความอดทน ปลูกวินัยในตัวเด็ก,ปัด กวาด เช็ด ถู…ขัดเกลาความอดทน ปลูกวินัยในตัวเด็ก การทำงานบ้าน กิจกรรมที่ฝึกได้ทุกวันและมีผลดีในระยะยาว การมอบหมายงานบ้านอย่างง่ายๆ ให้เด็…,https://multimedia.anamai.moph.go.th/help-knowledge/categories/health-literacy/
ศิลปะ…ถ่ายทอดจินตนาการ เสริมสร้างสมาธิ,ศิลปะ…ถ่ายทอดจินตนาการ เสริมสร้างสมาธิ งานศิลปะวาดภาพระบายสีช่วยให้เด็กผ่อนคลาย ฝึกจินตนาการ เสริงสร้างสมาธิ เด็กจะได้ซึมซับความประณีต ส่งผล…,https://multimedia.anamai.moph.go.th/help-knowledgs/heath_me_45_monk_2-2/
กีฬา…สร้างความแข็งแกร่ง เสริมความมั่นใจและเหตุผล,กีฬา…สร้างความแข็งแกร่ง เสริมความมั่นใจและเหตุผล กีฬา มีให้เลือกหลายชนิด ทั้งฟุตบอล ว่ายน้ำ แบดมินตัน ขี่จักรยาน ซึ่งการเล่นกีฬานอกจากจะพัฒน…,https://multimedia.anamai.moph.go.th/help-knowledgs/heath_me_47_monk_4/
ฝุ่น PM 2.5 กับสุขภาพเด็กไทย,ฝุ่น PM 2.5 กับสุขภาพเด็กไทย สถานการณ์ฝุ่น PM 2.5 ในปัจจุบันที่สูงมากขึ้น เราอาจคิดว่าการรับมือกับฝุ่นคงเหมือนกันทุกช่วงวัย แต่จริง ๆ แล้ว ฝ…,https://multimedia.anamai.moph.go.th/help-knowledge/categories/health-literacy/
ดนตรี…บรรเลงอารมณ์ เสริมความจำ พัฒนาสร้างสรรค์,ดนตรี…บรรเลงอารมณ์ เสริมความจำ พัฒนาสร้างสรรค์ ดนตรี ตัวช่วยสำคัญที่มีผลต่อการพัฒนาสมองของเด็ก เนื่องจากในสมองมีสารเคมีบางตัวที่มีผลต่อความร…,https://multimedia.anamai.moph.go.th/help-knowledgs/heath_me_47_monk_4/
กิจกรรมแบบใด…เสริมทักษะให้ลูกแกร่ง,  กิจกรรมแบบใด…เสริมทักษะให้ลูกแกร่ง ช่วงปิดเทอมฤดูร้อน เป็นช่วงที่วัยเรียนวัยรุ่นหยุดพักผ่อน และมีเวลาว่าง หากครอบครัวไม่มีแผนที่จะไปเ…,https://multimedia.anamai.moph.go.th/help-knowledgs/heath_me_45_monk_2/
วัยผู้ใหญ่ ต้องนอน ให้พอเหมาะ,“วัยผู้ใหญ่ (ต้องนอน) ให้พอเหมาะ”  มาถึงตอนสุดท้ายแล้ว กับเรื่อง “ต่างวัย (นอน) แตกต่าง”จากเริ่มวัยแรกเกิด และวัยเรียนวุ่น …,https://multimedia.anamai.moph.go.th/help-knowledge/categories/health-literacy/
ทุกวัย นอน ดี สุขภาพดี,“ทุกวัย (นอน) ดี สุขภาพดี”   จากความเดิมคราวที่แล้ว ในเรื่อง “ต่างวัย (นอน) แตกต่าง”วัยแรกเกิด จนถึงอายุ 2 ปี มาคราวนี้ กรม…,https://multimedia.anamai.moph.go.th/help-knowledgs/heath_me_45_monk_2/
ต่างวัย (นอน) แตกต่าง,“ต่างวัย (นอน) แตกต่าง” เนื่องในวันนอนหลับโลกที่จะถึงในวันที่ 8 มีนาคม 2567 นี้ ด้วยรักและห่วงใย สุขภาพการนอนของทุกคน กรมอนามัย …,https://multimedia.anamai.moph.go.th/help-knowledgs/heath_me_44_monk_1/
ดับร้อน ด้วย ไอศกรีม รู้ก่อนเลือกกิน,ดับร้อน ด้วย ไอศกรีม รู้ก่อนเลือกกิน   “ไอศกรีม” เป็นของหวานที่ช่วยสร้างความสดชื่นในช่วงหน้าร้อนได้เป็นอย่างดี มีส่วนประกอบ…,https://multimedia.anamai.moph.go.th/help-knowledge/categories/health-literacy/
เมื่อคุณแม่ แพ้ท้อง,เมื่อคุณแม่ “แพ้ท้อง”   อาการแพ้ท้อง เป็นอาการที่มักจะพบได้ในช่วงแรกของการตั้งครรภ์ โดยปกติทั่วไปมักเกิดขึ้นในตอนเช้า หรือข…,https://multimedia.anamai.moph.go.th/help-knowledgs/heath_me_44_monk_1/
พร้อม (แต่) ไม่ท้อง” กับ “เคล็ด (ไม่) ลับ คู่รักอยากมีลูก,คำถามทางบ้าน เก็บตกช่วงวาเลนไทน์ เมื่อท้องไม่พร้อม! อย่าวิตก ตั้งสติและทำ 5 สิ่งนี้แต่สมาชิกเพจกรมอนามัย บอกว่า  “พร้อมไม่ท้…,https://multimedia.anamai.moph.go.th/help-knowledgs/heath_me_43_fruit_1/
10 วิธี (เป็น) คุณพ่อ ที่(ดี)ได้ใจทั้งลูกและภรรยา,10 วิธี (เป็น) คุณพ่อ ที่(ดี)ได้ใจทั้งลูกและภรรยา “พ่อ” อีกหนึ่งบทบาทสำคัญในการช่วยแม่เลี้ยงลูกหลังคลอด และเป็นกำลังใจหลักทำให้แม่ไม่รู้สึกว…,https://multimedia.anamai.moph.go.th/help-knowledge/categories/health-literacy/
ปลอดภัย ไม่เสี่ยง ที่ร้านแต่งผม เสริมสวย,การทำความสะอาดเครื่องมือเครื่องใช้ถือเป็นหัวใจสำคัญในการป้องกันเชื้อโรคสำหรับร้านแต่งผม และร้านเสริมสวย ไม่ให้แพร่กระจายไปสู่ลูกค้า อุปกรณ์ป…,https://multimedia.anamai.moph.go.th/help-knowledgs/heath_me_43_fruit_1/
เก็บ กวาด เช็ดถู ล้าง คัดเเยก,เก็บ กวาด เช็ดถู ล้าง คัดเเยก  5ขั้นตอนทำบ้านให้สะอาดทุกวันนี้ ผู้คนมักใช้ชีวิตประจำวันนอกบ้านเป็นส่วนใหญ่ ส่งผลให้เวลาในการดูแลทำความส…,https://multimedia.anamai.moph.go.th/help-knowledgs/heath_me_42_seafood_1/
สิ่งแวดล้อมดีเริ่มที่ “ลดขยะ”,สิ่งแวดล้อมดีเริ่มที่ “ลดขยะ” การขยายตัวของสังคมเมืองและโรงงานอุตสาหกรรมนอกจากจะส่งผลให้เกิดการปล่อยมลพิษและสารเคมีแล้ว ยังเพิ่ม…,https://multimedia.anamai.moph.go.th/help-knowledge/categories/health-literacy/
ความรักยังมีด้ายแดง แล้วฟันละมีไหม…..มั้ย?,ความรักยังมีด้ายแดง แล้วฟันละมีไหม…..มั้ย? ความรักยังมีด้ายแดงเป็นตัวช่วยคอยประคอง ส่วนฟันเองก็มีไหมขัดฟันเป็นตัวช่วยดูแลสุขภาพฟันอีกหนึ่งตั…,https://multimedia.anamai.moph.go.th/help-knowledgs/heath_me_42_seafood_1/
เติมรักตัว(ให้)เองทุกวัน ด้วยการแปรงฟันก่อนนอนทุกคืน,เติมรักตัว(ให้)เองทุกวัน ด้วยการแปรงฟันก่อนนอนทุกคืน การดูแลเอาใจใส่ความรักให้ตัวเอง หรือ คู่รัก เป็นสิ่งสำคัญ แต่อย่าลืมชวนกันดูแลสุขภาพช่อ…,https://multimedia.anamai.moph.go.th/help-knowledgs/info656_eye_1/
คุณแม่ครรภ์ใหม่ อย่าลืม เช็คสุขภาพฟันด้วยนะ ,คุณแม่ครรภ์ใหม่ อย่าลืม เช็คสุขภาพฟันด้วยนะ  สำหรับคุณแม่มือใหม่ รวมไปถึงคุณแม่มืออาชีพ  นอกจากการดูแลสุขภาพร่างกาย ยังมีอีกห…,https://multimedia.anamai.moph.go.th/help-knowledge/categories/health-literacy/
เมื่อท้องไม่พร้อม! อย่าวิตก ตั้งสติและทำ 5 สิ่งนี้,เมื่อท้องไม่พร้อม! อย่าวิตก ตั้งสติและทำ 5 สิ่งนี้ เมื่อพลาดพลัง ท้องไม่พร้อม!! ต้องตั้งสติกับสิ่งที่เกิดขึ้น กรมอนามัยขอแนะนำให้ทำ 5 สิ่งที…,https://multimedia.anamai.moph.go.th/help-knowledgs/info656_eye_1/
สร้าง รัก ให้งดงาม ด้วยความรักผิดชอบ และใส่ใจ ป้องกัน ห่างไกลโรค และท้องไม่พร้อม,สร้าง ‘รัก’ ให้งดงาม ด้วยความรักผิดชอบ และใส่ใจ ป้องกัน ห่างไกลโรค และท้องไม่พร้อม  14 กุมภาพันธ์ เดือนแห่งความรัก &amp;nb…,https://multimedia.anamai.moph.go.th/help-knowledgs/heath_me_41_child_12/
หมั่นเติมรักให้หวานทุกวัน,หมั่นเติมรักให้หวานทุกวัน  แต่ถ้าเราห่วงกันและกัน (ต้อง)ลดหวาน…ลดอ้วน ของหวานที่นิยมมอบเป็นของขวัญ คือ ช็อกโกแลต  ซึ่งม…,https://multimedia.anamai.moph.go.th/help-knowledge/categories/health-literacy/
เลือกคู่ เลือกครรภ์ เลือกคลอด ลดเสี่ยง ธาลัสซีเมีย,เลือกคู่ เลือกครรภ์ เลือกคลอด’ ลดเสี่ยง “ธาลัสซีเมีย” ธาลัสซีเมีย (Thalassemia) เป็นโรคทางพันธุกรรมที่สามารถถ่ายทอดจากพ่อแ…,https://multimedia.anamai.moph.go.th/help-knowledgs/heath_me_41_child_12/
ช็อกโกแลต อีกหนึ่งดาวเด่นในเดือนแห่งความรัก,ช็อกโกแลต อีกหนึ่งดาวเด่นในเดือนแห่งความรัก  วาเลนไทน์ กับ ช็อกโกแลต  มักเป็นดาวเด่นในช่วงนี้ สาว ๆ หลายคน อาจจะมองว่า อ้วนบ้…,https://multimedia.anamai.moph.go.th/help-knowledgs/heath_me_40_child_11/
บ้านสะอาด ลดโอกาสเกิดโรคภูมิแพ้,บ้านสะอาด ลดโอกาสเกิดโรคภูมิแพ้    โรคภูมิแพ้เป็นโรคที่มักเกิดขึ้นในเด็กปัจจัยสำคัญที่ก่อให้เกิดโรคและเสริมอาการของเด็กที่เป็นภูมิ…,https://multimedia.anamai.moph.go.th/help-knowledge/categories/health-literacy/
ทำอากาศในบ้าน ให้สะอาด ด้วยไม้ประดับ,ทำอากาศในบ้าน ให้สะอาด ด้วยไม้ประดับ  วิธีง่ายๆ ที่จะช่วยลดอากาศเป็นพิษภายในบ้าน คือการปลูกหรือนำไม้ประดับที่สามารถดูดสารพิษจากอากาศไว้…,https://multimedia.anamai.moph.go.th/help-knowledgs/heath_me_40_child_11/
เด็กไทย Fit &amp; Firm, เด็กไทย Fit &amp; Firm  “เด็กไทย Fit &amp; Firm แข็งแรง สมส่วน สมวัย ออกกำลังกายเป็นประจำ”สำหรับเด็กวัยเรียนวัยรุ่น เราจึงควรส่งเ…,https://multimedia.anamai.moph.go.th/help-knowledgs/heath_me_39_child_10/
เด็กไทยใส่ใจกินผัก, เด็กไทยใส่ใจกินผัก  “เด็กไทยใส่ใจกินผัก เสริมสร้างภูมิคุ้มกัน แข็งแรง สดใส ได้ทุกวัน”เด็กควรกินผักเป็นประจำ วันละ 4 ทัพพีหรือ 12 …,https://multimedia.anamai.moph.go.th/help-knowledge/categories/health-literacy/
เด็กไทยไร้พุง, เด็กไทยไร้พุง  “เด็กไทยสุขภาพดีไร้พุง อิ่มสนุกได้ทุกมื้อ ด้วย 6 เทคนิค ลดหวาน มัน เค็ม”ในช่วงเด็กวัยเรียน เป็นช่วงที่มีการพบปะสัง…,https://multimedia.anamai.moph.go.th/help-knowledgs/heath_me_39_child_10/
เด็กไทยไม่นอนดึก, เด็กไทยไม่นอนดึก  “เด็กไทยไม่นอนดึก กับ 10 เคล็ดลับการนอน เสริมสร้างสุขภาพที่ดี”ในเด็กวัยเรียนวัยรุ่น ควรนอนพักผ่อนให้เพียงพอวัยเ…,https://multimedia.anamai.moph.go.th/help-knowledgs/heath_me_38_pm2-5_1/
เที่ยวงานวันเด็กปลอดภัย,กรมอนามัย เตือน!! เที่ยวงานวันเด็กปลอดภัย “เด็กๆ ปลอดภัย ดูแลสุขอนามัย เลี่ยงพื้นที่แออัดอันตราย ผู้ปกครองอย่าคลาดสายตา&amp;#822…,https://multimedia.anamai.moph.go.th/help-knowledge/categories/health-literacy/
เด็กไทย สายตาดี, เด็กไทย สายตาดี  “เด็กไทยสนุกกับจอ แต่พอดี ไม่ควรเกินวันละ 1 ชม.กินไข่ ผัก-ผลไม้ หลากสี เพื่อบำรุงสายตา” ในปัจจุบัน &amp;nb…,https://multimedia.anamai.moph.go.th/help-knowledgs/heath_me_38_pm2-5_1/
เด็กไทย ฟันดี ยิัมสดใส, เด็กไทย ฟันดี ยิัมสดใส  เด็กไทยดื่มนมเสริมฟันแข็งแรง ยิ้มสดใสได้ทุกวัน เพียงแค่ แปรงฟันตามหลัก 2-2-2” เด็ก ๆ ควรดื่มนมรสจืด …,https://multimedia.anamai.moph.go.th/help-knowledgs/heath_me_37_child_9/
ดื่มเบียร์ ขณะตั้งครรภ์ อันตรายต่อลูกในครรภ์,ดื่มเบียร์ ขณะตั้งครรภ์ อันตรายต่อลูกในครรภ์ แอลกอฮอล์ ส่งผลต่อทารกในครรภ์ได้ร้ายแรง แม้จะดื่มในปริมาณน้อยก็ตาม การดื่มเบียร์ขณะตั้งครรภ์ เพ…,https://multimedia.anamai.moph.go.th/help-knowledge/categories/mom-and-child/
ควรพักเบรก ยืดเหยียดกล้ามเนื้ออย่างน้อยชั่วโมงละครั้ง,โรคออฟฟิศซินโดรม สาเหตุ การทำงานในอิริยาบถที่ไม่เหมาะสมเป็นเวลานาน: เช่น นั่งทำงานหน้าคอมพิวเตอร์นานๆ นั่งไขว่ห้าง ก้มหน้าดูโทรศัพท์ กา…,https://multimedia.anamai.moph.go.th/help-knowledgs/heath_me_37_child_9/
กินอาหารให้ตรงเวลาครบทุกมื้อ โดยเฉพาะมื้อเช้า,เลี่ยงการกินจุบจิบระหว่างการทำงานหรือเลือกกินผลไม้หวานน้อย #วัยทำงาน #โภชนาการ,https://multimedia.anamai.moph.go.th/help-knowledgs/heath_me_36_child_8/
เลี่ยงการกินจุบจิบระหว่างการทำงานหรือเลือกกินผลไม้หวานน้อย,เลี่ยงการกินจุบจิบระหว่างการทำงานหรือเลือกกินผลไม้หวานน้อย #วัยทำงาน #โภชนาการ,https://multimedia.anamai.moph.go.th/help-knowledge/categories/health-literacy/
ดูแลสุขภาพในวันที่ฝุ่นครองเมือง,ดูแลสุขภาพในวันที่ฝุ่นครองเมือง #แม่และเด็ก #วัยเรียนวัยรุ่น #วัยทำงาน #ผู้สูงอายุ #อนามัยสิ่งแวดล้อม,https://multimedia.anamai.moph.go.th/help-knowledgs/heath_me_36_child_8/
“ลดธูป ลดประทัด ลดเสี่ยงในเทศกาลตรุษจีน”,“ตรุษจีน” ถือเป็นวันขึ้นปีใหม่ของคนไทยเชื้อสายจีนและยังเป็นการรวมญาติของวงศ์ตระกูลและเป็นเทศกาลแห่งการไหว้เจ้า ไหว้บรรพบุรุษที่ปฏิบัติกันเรื…,https://multimedia.anamai.moph.go.th/help-knowledgs/heath_me_35_sleep_3/
ลืมไปเลย กับคำว่า  “ไม่”  “อย่า”  “ห้าม”  “หยุด”  แต่ให้เปลี่ยนเป็นคำพูดเชิงบวกดีกว่า,คุณพ่อ คุณแม่ หรือผู้ที่เลี้ยงเด็ก เคยลองนับกันเล่น ๆ ไหมคะว่า ในหนึ่งวัน เรา พูดคำว่า “ ไม่” “อย่า” “ห้าม” “หยุด” กับลูก กี่ครั้งกัน ยิ่งลู…,https://multimedia.anamai.moph.go.th/help-knowledge/categories/health-literacy/
คุมน้ำหนักอย่างไรไม่ให้กลับมา YOYO Effect,          หลายคนคงเคยผ่านการลดน้ำหนักกันมาหมดแล้ว บางคนที่ประสบความสำเร็จก็ต้องขอปรบมือดัง ๆ ให…,https://multimedia.anamai.moph.go.th/help-knowledgs/heath_me_35_sleep_3/
แกะกล่อง ปลอดภัย ห่างไกล COVID-19,ช่วงนี้ใครหลาย ๆ คน ยังทำงานที่บ้านกันอยู่ แรกๆอาจตื่นเต้นกับรูปแบบการทำงานแบบใหม่ แต่พอนานเข้าก็เริ่มเบื่อหน่ายกันใช่ไหมล่ะ วิธีแก้เบื่อ แก…,https://multimedia.anamai.moph.go.th/help-knowledgs/heath_me_34_sleep_2/
คู่มือสำหรับเจ้าหน้าที่ : การป้องกันตนเองจากโรค COVID-19 สำหรับผู้ปฏิบัติงานดูแลรักษาความสะอาด,การป้องกันตนเองจากโรค COVID-19 สำหรับผู้ปฏิบัติงานดูแลรักษาความสะอาด ผู้ปฏิบัติงานหรือพนักงานเก็บรวบรวมขยะมูลฝอย และพนักงานทำความสะอาดในสถาน…,https://multimedia.anamai.moph.go.th/help-knowledge/categories/health-literacy/
คู่มือสำหรับเจ้าหน้าที่ : คำแนะนำการจัดการมูลฝอยสำหรับองค์กรปกครองส่วนท้องถิ่น ในสถานการณ์การระบาดของโรคติดเชื้อไวรัสโคโรนา 2019 (COVID-19),คำแนะนำการจัดการมูลฝอยสำหรับองค์กรปกครองส่วนท้องถิ่นในสถานการณ์การระบาดของโรคติดเชื้อไวรัสโคโรนา 2019 (COVID-19) องค์กรปกครองส่วนท้องถิ่นมีบ…,https://multimedia.anamai.moph.go.th/help-knowledgs/heath_me_34_sleep_2/
สงกรานต์ปีนี้  ตัวห่างไกล หัวใจไม่ห่างกัน,เมื่อพูดถึงเทศกาลสงกรานต์ เชื่อว่าหลาย ๆ คนคงเฝ้านั่งกางปฏิทินเพื่อวางแผนพักผ่อนหย่อนใจด้วยการเลือกไปเที่ยวยังสถานที่แปลกใหม่ ตื่นตาตื่นใจ ห…,https://multimedia.anamai.moph.go.th/help-knowledgs/heath_me_33_sleep_1/
การจัดการด้านอาหารและโภชนาการช่วง 14 วันที่ต้องอยู่บ้าน,การจัดการด้านอาหารและโภชนาการช่วง 14 วันที่ต้องอยู่บ้าน สำนักโภชนาการ กรมอนามัย สถานการณ์โรคติดเชื้อไวรัสโคโรนา 2019 หรือ COVID-19 ระบาด ประ…,https://multimedia.anamai.moph.go.th/help-knowledge/categories/mom-and-child/
เตรียมความพร้อมก่อนตั้งครรภ์ สำคัญไฉน,เตรียมความพร้อมก่อนตั้งครรภ์ สำคัญไฉน …           14 กุมภาพันธ์หรือ Valentine’s Day…,https://multimedia.anamai.moph.go.th/help-knowledgs/heath_me_33_sleep_1/
ทำบุญให้ได้บุญ ตักบาตรรักษ์โลก ลดใช้พลาสติก,วันมาฆบูชา ในทุก ๆ ปี พุทธศาสนิกชนนิยมมาทำบุญ ตักบาตร ฟังธรรมและเวียนเทียนที่วัดใกล้บ้าน โดยประชาชนต้องเตรียมอาหาร เครื่องสักการะ และเครื่อง…,https://multimedia.anamai.moph.go.th/help-knowledgs/heath_me_32_sweet_1/
มลพิษร้าย…(ซ่อน) ในบ้าน,มลพิษมีอยู่รอบกาย เป็นภัยร้ายที่เราต้อง เผชิญอยู่ทุกวัน ทั้งควันจากยานพาหนะ โรงงาน อุตสาหกรรม กลิ่นเน่าเหม็นของขยะ และฝุ่นละออง ในอากาศ สิ่ง…,https://multimedia.anamai.moph.go.th/help-knowledge/categories/mom-and-child/
ใช้รถเข็นของในห้าง อย่างปลอดภัย,ทราบหรือไม่ว่าที่จับรถเข็นของในห้างสรรพสินค้าสามารถซ่อนเชื้อโรค 10 เท่า มากกว่าการสัมผัสสิ่งอื่นๆ ตลอดวัน ได้มีผลการศึกษา โดย Consumer Prote…,https://multimedia.anamai.moph.go.th/help-knowledgs/heath_me_32_sweet_1/
เขียงจ๋า  (รา)…ลาก่อน,เขียง …อุปกรณ์คู่ครัวที่ทุกบ้านขาดไม่ได้ ไม่ว่าจะหั่น สับ ซอย กับเนื้อหรือผัก ก็ต้อง ใช้เขียงเพื่อรองรับมีดทั้งนั้น ดังนั้น การเลือกใช…,https://multimedia.anamai.moph.go.th/help-knowledgs/heath_me_31_pregnant_6/
ใช้ถุงพลาสติกผิดประเภท…เสี่ยงมะเร็ง,ทุกวันนี้…อาหารปรุงสำเร็จที่วางขายกัน ส่วนใหญ่มักใช้ถุงพลาสติกบรรจุอาหารทั้งร้อน และเย็นกันแทบทั้งนั้นแต่ยิ่งสะดวกเท่าไหร่ บางครั้งก็ต…,https://multimedia.anamai.moph.go.th/help-knowledge/categories/mom-and-child/
ระวังภัยมืด  ในกระเช้าของขวัญ,การมอบกระเช้าของขวัญถือเป็นการซึ่งกรมอนามัยมีวิธีการสังเกตและเลือกซื้อกระเช้ามอบความสุขให้แก่กันและกันปีใหม่ที่ปลอดภัยมาฝากค่ะ แต่กระเช้าของ…,https://multimedia.anamai.moph.go.th/help-knowledgs/heath_me_31_pregnant_6/
มลพิษร้าย,มลพิษมีอยู่รอบกาย เป็นภัยร้ายที่เราต้อง เผชิญอยู่ทุกวัน ทั้งควันจากยานพาหนะ โรงงาน อุตสาหกรรม กลิ่นเน่าเหม็นของขยะ และฝุ่นละออง ในอากาศ สิ่ง…,https://multimedia.anamai.moph.go.th/help-knowledgs/heath_me_30_pregnant_5/
5ป. เลือกของขวัญ  สุขใจผู้ให้ ถูกใจผู้รับ,ของขวัญ สื่อแทนใจมอบให้กับผู้ที่เรา เคารพรักในทุกเทศกาล ของขวัญแต่ละชิ้นจึงต้อง เปี่ยมไปด้วยคุณค่า และความหมาย แต่หากใคร ยังไม่รู้ว่าจะเริ่ม…,https://multimedia.anamai.moph.go.th/help-knowledge/categories/mom-and-child/
ตากแดดนาน เสี่ยงมะเร็งผิวหนัง ต้อกระจก,แสงแดดมีความจำเป็นต่อการดำรงชีวิตประจำวัน แต่หากได้รับแสงแดดปริมาณมากเกินไป เป็นระยะเวลานานกว่า  15  นาที  รังสียูวีก็สา…,https://multimedia.anamai.moph.go.th/help-knowledgs/heath_me_30_pregnant_5/
เครื่องถ่ายเอกสาร…,อุปกรณ์เครื่องใช้ที่จำเป็นในสำนักงานมีมากมาย  เครื่องถ่ายเอกสารคือหนึ่งในนั้น  และถ้าจะมองถึงความเสี่ยงที่จะได้รับ  เครื่องถ่…,https://multimedia.anamai.moph.go.th/help-knowledgs/heath_me_29_family_1/
เห็ดป่า…เห็ดพิษคิดก่อนเก็บ,“เห็ด” อาหารประเภทผักที่มีโปรตีนให้พลังงานใยอาหารและโพแทสเซียมสามารถนำมาทำอาหารได้หลากหลาย  เช่น ยำเห็ดสามอย่าง  แกงเลีย…,https://multimedia.anamai.moph.go.th/help-knowledge/categories/mom-and-child/
นอนกัดฟัน… พฤติกรรมทำร้ายฟันไม่รู้ตัว,การนอนกัดฟันในขณะนอนหลับเป็นปัญหาที่สร้างความรำคาญให้กับคนรอบข้างซึ่งการนอนกัดฟันนั้นเป็นพฤติกรรมที่ควบคุมไม่ได้เพราะเกิดขึ้นหลังจากหลับไปแล…,https://multimedia.anamai.moph.go.th/help-knowledgs/heath_me_29_family_1/
หนาวนี้สุขภาพดีแน่ …,เมื่อเข้าสู่ฤดูหนาว  ไม่เพียงลมหนาวเท่านั้นที่พัดผ่านมาแต่หากไม่มีการดูแลสุขภาพที่ดีก็จะทำให้ร่างกายเสี่ยงป่วยด้วยโรคเกี่ยวกับระบบทางเด…,https://multimedia.anamai.moph.go.th/help-knowledgs/heath_me_28_haircut_1/
เจ็บ…(ต้อง)ปลอดภัย,การสักผิวหนังอยู่คู่กับสังคมไทยมาเป็นเวลานานแล้ว  เดิมการสักร่างกายเกิดจากความเชื่อความศรัทธา  แต่ปัจจุบันรูปแบบและวัตถุประสงค์ของ…,https://multimedia.anamai.moph.go.th/help-knowledge/categories/mom-and-child/
ดูแลตนเองให้ปลอดภัยจากMERS,โรคเมอร์ส MERS (Middle East Respiratory  Syndrome)  เกิดจากการติดเชื้อไวรัสโคโรน่า (Coronavirus) ทำให้เกิด โรคในระบบทางเดินหายใจแบ…,https://multimedia.anamai.moph.go.th/help-knowledgs/heath_me_28_haircut_1/
วันอนามัยสิ่งแวดล้อมไทย,วันอนามัยสิ่งแวดล้อมไทย 4 กรกฎาคม ของทุกปี ถือเป็นอีกหนึ่งวันดีๆ ที่จะเริ่มต้น สร้างสภาพแวดล้อมที่ดีให้เกิดขึ้นที่บ้าน ที่ทำงาน ชุมชน และสัง…,https://multimedia.anamai.moph.go.th/help-knowledgs/heath_me_27_environmental-health_3/
เผาพลาสติก-โฟม…สร้างมลพิษ,การเผาขยะในบริเวณบ้านเป็นวิธีการกำจัดขยะที่ค่อนข้างพบมากในพื้นที่ชนบท  ขยะที่นำมาเผาส่วนใหญ่เป็นกระดาษ เศษกิ่งไม้ ใบไม้ และพลาสติกเมื่อ…,https://multimedia.anamai.moph.go.th/help-knowledge/categories/mom-and-child/
รู้และป้องกัน…ก่อนโดนฟ้าผ่า,เมื่อเข้าสู่หน้าฝน  สิ่งที่ต้องระวังและใส่ใจนอกเหนือจากสุขภาพ   เพื่อป้องกันโรคหวัดแล้วยังหมายรวมถึงอันตรายจากฝนฟ้าคะนองที่มั…,https://multimedia.anamai.moph.go.th/help-knowledgs/heath_me_27_environmental-health_3/
ลวดเย็บกระดาษ…,หลายคนคงจะเคยซื้อขนมหรืออาหารที่ใส่ในถุงพลาสติกใส แล้วเย็บปากถุงด้วยลวดเย็บกระดาษ  (Staple)  หรือซื้อขนมใส่กระทงที่เย็บด้วยลวดเย็บ…,https://multimedia.anamai.moph.go.th/help-knowledgs/heath_me_26_carbage_1/
ระวังเชื้อรา หน้าฝน,เมื่อฝนตกหนัก ปัญหาที่ตามมา คือ เกิดน้ำท่วมและน้ำขังในพื้นที่ต่างๆ โดยเฉพาะบริเวณบ้านหากมีรูรั่วหรือรอยแตกของบ้าน  อาจมีน้ำซึมน้ำรั่วไห…,https://multimedia.anamai.moph.go.th/help-knowledge/categories/mom-and-child/
ท่องเที่ยวไทย…  ไม่เพิ่มขยะ,ปริมาณขยะในแหล่งท่องเที่ยวเพิ่มขึ้นอย่างรวดเร็วตามจำนวนนักท่องเที่ยวและการเพิ่มขึ้นของที่พัก  ไม่ว่าจะเป็นโรงแรม  รีสอร์ท  บั…,https://multimedia.anamai.moph.go.th/help-knowledgs/heath_me_26_carbage_1/
ข้อควรทำเมื่อ (จำเป็น)  ต้องใช้สารกำจัดศัตรูพืช,สารเคมีกำจัดศัตรูพืชที่ใช้กันอย่างแพร่หลายเป็นสาเหตุหนึ่งทำให้เกิดปัญหาสุขภาพ บางชนิดออกฤทธิ์เฉียบพลัน  พิษเรื้อรัง  บางชนิดก…,https://multimedia.anamai.moph.go.th/help-knowledgs/heath_me_25_tooth_2/
ภารกิจพิชิต  “หนู”,“ตลาดสด” แหล่งจำหน่ายอาหารที่ผู้คน นิยมไปจับจ่ายซื้อของ แต่บางครั้งก็ทำให้เกิด ความไม่มั่นใจในเรื่องความสะอาดปลอดภัยตามมาได้ โดยเฉพาะเมื่อพบ…,https://multimedia.anamai.moph.go.th/help-knowledge/categories/mom-and-child/
8แก้วต่อวัน ป้องกันภาวะขาดน้ำ ในผู้สูงวัย,ภาวะขาดน้ำพบได้ง่ายในผู้สูงอายุเนื่องจากมวลกล้ามเนื้อที่ลดลงทำให้น้ำในร่างกายของผู้สูงอายุลดลงตามไปการตอบสนองต่อความกระหายน้ำลดลงทำให้ไม่ดื่…,https://multimedia.anamai.moph.go.th/help-knowledgs/heath_me_25_tooth_2/
ตัดเล็บให้ผู้สูงวัย สร้างสุขอนามัยทีดี,การดูแลเล็บมือเล็บเท้าให้สะอาดถือเป็นเรื่องอนามัยส่วนบุคคลที่ทุกคนต้องดูแลแต่สำหรับผู้สูงอายุแล้ว  ด้วยวัยบวกกับความเสื่อมด้านสายตาและก…,https://multimedia.anamai.moph.go.th/help-knowledgs/heath_me_24_tooth_1/
น้ำมะนาวจี๊ดจ๊าด  สูงวัยสุขภาพดี,“น้ำมะนาว” พืชผักสวนครัวของไทยที่นิยมใช้น้ำเพื่อเพิ่มรสเปรี้ยวให้กับอาหารจนกลายเป็นเอกลักษณ์ของอาหารไทยไปแล้ว ด้านโภชนาการเท่านั้น  แต่…,https://multimedia.anamai.moph.go.th/help-knowledge/categories/mom-and-child/
ผัก ผลไม้… กับมะเร็ง,กินผักผลไม้ทุกวันช่วยให้ร่างกายแข็งแรง ลดความเสี่ยงการเกิดมะเร็งด้วย  นอกจากการกินผักแล้วการล้างผักผลไม้ให้สะอาดก็สำคัญ  เพรา…,https://multimedia.anamai.moph.go.th/help-knowledgs/heath_me_24_tooth_1/
80-90 เลขอันตราย ของคนร่างหนา,ช่วงนี้…มองไปทางไหนก็เห็นแต่หนุ่ม-สาวร่างตุ้ยนุ้ย เดินย้วยย้ายเต็มไปหมดจะทำอย่างไรดี?…ถ้าประเทศไทยกำลังมีคนอ้วนเพิ่มขึ้นเรื่อยๆค…,https://multimedia.anamai.moph.go.th/help-knowledgs/heath_me_23_pregnant_4/
มารู้จัก….โรคภัตตาคารจีนกันเถอะ,แค่เอ่ยชื่อโรคภัตตาคารจีนขึ้นมา  หลายคนอาจจะงงว่า…มันคือโรคอะไรกันแน่?โรคภัตตาคารจีนหรือศัพท์ทางการแพทย์เรียกว่า  “ไชน…,https://multimedia.anamai.moph.go.th/help-knowledge/categories/mom-and-child/
รัก(ลด) หวาน  ไม่มีน้ำตาลและไขมัน,เมื่อถึงช่วงเทศกาลวันแห่งความรักทีไร ขนมแทนใจส่วนใหญ่มักจะหนีไม่พ้นเค้ก หรือช็อกโกแลต ในมุมของความรัก…ถือเป็นเรื่องที่ดีค่ะ แต่ในมุมขอ…,https://multimedia.anamai.moph.go.th/help-knowledgs/heath_me_23_pregnant_4/
“ลิ้น” จุดเสี่ยงมะเร็งช่องปาก,มะเร็งช่องปาก  คือ  1  ใน  10  อันดับแรกของมะเร็งที่พบในคนไทยจากข้อมูลโรงพยาบาลในสังกัดกระทรวงในปี 2555 พบมะเร็งช่อ…,https://multimedia.anamai.moph.go.th/help-knowledgs/heath_me_22_pregnant_3/
ฟิตเตรียมพร้อม ก่อนก้าวเดิน,หลายๆ คนเข้าใจตรงกันว่า “การเดิน” เป็นการออกกำลังกาย ที่ไม่ต้องลงทุนอะไรมากมาย  แถมยังเหมาะสำหรับทุกเพศ ทุกวัย  ขอเพียงแค่ฟิตร่างก…,https://multimedia.anamai.moph.go.th/help-knowledge/categories/teen/
SAVE YOUR HEALTH,“Fitness”  หรือสถานประกอบกิจการเพื่อสุขภาพ ในปัจจุบันมีผู้ใช้บริการเป็นจำนวนมาก  โดยเฉพาะคนวัยทำงาน  เพราะการมีสุขภาพที่ดี คื…,https://multimedia.anamai.moph.go.th/help-knowledgs/heath_me_22_pregnant_3/
เตรียมพร้อม… ก่อนออกไป“ปั่น”,จักรยาน พาหนะที่ผู้คนในปัจจุบันนิยม ใช้กันมาก เพราะนอกจากจะช่วยประหยัดค่าใช้จ่าย ลดการใช้พลังงาน และลดมลพิษแล้ว ยังเป็น การออกกำลังกาย ช่วยท…,https://multimedia.anamai.moph.go.th/help-knowledgs/heath_me_21_valentine_3/
ฟิตให้พร้อม… ก่อนสวดมนต์ข้ามปี,“สวดมนต์ข้ามปี”  วิถีธรรมที่คนไทยพุทธถือปฏิบัติร่วมกันมากขึ้น เพื่อสร้างความเป็นสิริมงคลให้กับตนเองและครอบครัว ถือเป็นการเริ่มต้นสิ่งดี…,https://multimedia.anamai.moph.go.th/help-knowledge/categories/teen/
Bike for Health,การออกกำลังกายที่กำลังมาแรงแซงทางโค้งขณะนี้คงหนีไม่พ้น “การปั่นจักรยาน” เพราะสามารถทำได้ทุกเพศทุกวัย อุปกรณ์หาง่าย ราคาประหยัด และยังเป็นกิจ…,https://multimedia.anamai.moph.go.th/help-knowledgs/heath_me_21_valentine_3/
ชวนลูกเล่น  ตามรอยพระยุคลบาท… เด็กฉลาดสมวัย,การเล่นตามรอยพระยุคลบาท หมายถึง การเล่นกับธรรมชาติที่แวดล้อมตัวเด็ก เช่น พ่อ แม่ พี่ น้อง ปู่ ย่า ตา ยาย เพื่อน พี่เลี้ยง สัตว์เลี้ยง และสิ่…,https://multimedia.anamai.moph.go.th/help-knowledgs/heath_me_20_valentine_2/
เข้าใจ… วัยติดเกม,เกมคอมพิวเตอร์ กิจกรรมของเด็กยุคไอที ที่หากไม่มีการควบคุมที่ดี ก็จะทำให้หมกมุ่น จนละเลยหน้าที่ความรับผิดชอบด้านการเรียน ยอมอดอาหาร อดนอน สุข…,https://multimedia.anamai.moph.go.th/help-knowledge/categories/mom-and-child/
หญิงท้องสูบบุหรี่ “เสี่ยงแท้ง” เด็กในท้องปากแหว่ง “เพดานโหว่”,"โทษภัยจากบุหรี่จะส่งผลต่อสุขภาพผู้เสพและยังส่งผลต่อทารกในครรภ์ หากหญิงตั้งครรภ์เป็นสิงห์อมควันที่เลิกบุหรี่ไม่ได้ ทั่วโลกมีผู้สูบบุหรี่ 1,25…",https://multimedia.anamai.moph.go.th/help-knowledgs/heath_me_20_valentine_2/
เด็กจมน้ำ ป้องกันได้,กิจกรรมหนึ่งที่เด็กๆ ชื่นชอบ คือ การเล่นน้ำ ในช่วงหน้าร้อนทั้งสระว่ายน้ำ  สวนน้ำ สถานที่ท่องเที่ยวตามน้ำตก  และแหล่งน้ำธรรมชาติ บ่…,https://multimedia.anamai.moph.go.th/help-knowledgs/heath_me_19_pregnant_2/
รู้สักนิด… ก่อนคิดจ้างพี่เลี้ยงเด็ก,การจ้างพี่เลี้ยงเด็กเป็นที่นิยมกันมากของครอบครัวยุคปัจจุบันที่ส่วนใหญ่เป็นครอบครัวเดี่ยวที่พ่อแม่ต้องทำงานนอกบ้านทำให้ไม่มีเวลาในการเลี้ยงลู…,https://multimedia.anamai.moph.go.th/help-knowledge/categories/mom-and-child/
ปิดเทอมนี้  (เด็กๆ)ปลอดภัย,ช่วงปิดเทอมพ่อแม่ผู้ปกครองก็ต้องเฝ้าระวังอุบัติเหตุที่อาจจะเกิดขึ้นกับเด็กเป็นพิเศษเพราะความซุกซนของเด็กอาจนำมาซึ่งอันตรายที่รุนแรงถึงขั้นเส…,https://multimedia.anamai.moph.go.th/help-knowledgs/heath_me_19_pregnant_2/
ลูกหลานสุขภาพดี,เมื่อเอ่ยถึงคำว่า “หวาน” คนส่วนใหญ่มักคิดถึงน้ำตาล น้ำตาลทำไมถึงทำให้ติดได้ติดแล้วมีผลต่อสุขภาพอย่างไร การกินหวานไม่ผิด…แต่กินอย่างไรใ…,https://multimedia.anamai.moph.go.th/help-knowledgs/heath_me_18_valentine_1/
สนามเด็กเล่น (เล่น) ปลอดภัย,นอกจากบ้านแล้ว  โรงเรียนเปรียบเสมือนบ้านที่สองของเด็กการป้องกันอุบัติเหตุ  ในโรงเรียนจึงเป็นเรื่องสำคัญโดยเฉพาะ“สนามเด็กเล่น”&amp;nbsp…,https://multimedia.anamai.moph.go.th/help-knowledge/categories/mom-and-child/
5 ผัก ตัวช่วยสร้างนมแม่,         นมแม่  อาหารที่ดีที่สุดสำหรับลูกน้อย  เพราะมีสารอาหารมากกว่า 200 ชนิด มีสารช่วยสร้างเซลล์สมอง เส…,https://multimedia.anamai.moph.go.th/help-knowledgs/heath_me_18_valentine_1/
ป้องกันลูกจาก  หวัดหน้าฝน,เมื่อเข้าสู่ฤดูฝน ครอบครัวที่มีเด็กเล็กหรือ วัยก่อนเรียน ควรระมัดระวังสุขภาพเป็นพิเศษ เนื่องจากเด็กโดนละอองฝนหรือตากฝนโดยไม่ป้องกัน ย่อมทำให…,https://multimedia.anamai.moph.go.th/help-knowledgs/heath_me_17_environmental-health_2/
ชวนเด็กออกกำลังกาย “เพิ่มพลังสมอง… ความจำ…ความคิด”,เด็กวัย  6 – 12  ขวบ เป็นช่วงวัยที่มีการเจริญเติบโตรวดเร็ว การออกกำลังกายและเคลื่อนไหวร่างกายอย่างสม่ำเสมอ  จะทำให…,https://multimedia.anamai.moph.go.th/help-knowledge/categories/environment/
“กิน กอด เล่น เล่า” สร้างพัฒนาการเด็ก,การเลี้ยงดูเด็กทุกคนให้เติบโตอย่างมีคุณภาพนั้น พ่อแม่คือคนสำคัญที่จะอบรมบ่มเพาะ และเลี้ยงดูเด็กให้เติบโตอย่างมีสุขภาพกาย  ใจ  และส…,https://multimedia.anamai.moph.go.th/help-knowledgs/heath_me_17_environmental-health_2/
เลือกนิทาน… ตามวัย,นิทาน…เรื่องราวและจินตนาการสุดอัศจรรย์ที่ลูกต้องการฟังอย่างไม่รู้เบื่อ มีผลการศึกษาวิจัยต่างประเทศเกี่ยวกับพัฒนาการเด็ก พบว่า เด็กวัย …,https://multimedia.anamai.moph.go.th/help-knowledgs/heath_me_16_environmental-health_1/
นิทาน… สร้างพัฒนาการเด็ก,นิทานกับเด็กเป็นของคู่กัน…       การเล่านิทานหรืออ่านนิทานให้ลูกฟังนั้น พ่อแม่ต้องเริ่มต้นเร็วที่สุด เริ่มตั้งแต่ลูกอยู…,https://multimedia.anamai.moph.go.th/help-knowledge/categories/environment/
เด็กหลับคาขวดนม… เสี่ยงฟันผุ,สาเหตุของฟันผุ เกิดจากการที่เด็กได้รับ อาหารที่มีรสหวาน ทั้งนมหวานและน้ำผลไม้ต่างๆ ซึ่งแบคทีเรียที่อยู่ในช่องปากจะย่อยน้ำตาลสร้างกรด ขึ้นมาท…,https://multimedia.anamai.moph.go.th/help-knowledgs/heath_me_16_environmental-health_1/
แปรงสีฟันดี… เพื่อนซี้ “ฟันสวย”,“การแปรงสีฟัน” เป็นเครื่องมือในการทำความสะอาดฟันที่มีความสำคัญต่อทุกคน และถ้าอยากมี  “ฟันสวย  สะอาด”  ก็ต้อง…,https://multimedia.anamai.moph.go.th/help-knowledgs/heath_me_15_child_7/
มหัศจรรย์…น้ำนมแม่,‘ด้วยพระปณิธานอันแน่วแน่ของพระเจ้าวรวงศ์เธอ  พระองค์เจ้าศรีรัศมิ์พระวรชายาฯที่ทรงมีเป้าหมายในการส่งเสริมสถาบันครอบครัวให้มีความอบอุ่น&amp;n…,https://multimedia.anamai.moph.go.th/help-knowledge/categories/mom-and-child/
เอชไอวีในทารกแรกเกิด แค่ใส่ใจปฏิบัติตน,ปัจจุบันประเทศไทยมีเป้าหมายในการแก้ไข การดูแลของประเทศปัญหาเอดส์  คือ  ไม่มีผู้ติดเชื้อรายใหม่  ไม่มีผู้ตายจากเอดส์  ไม่…,https://multimedia.anamai.moph.go.th/help-knowledgs/heath_me_15_child_7/
จัดบ้าน (ให้) ปลอดภัยต่อวัยสูงอายุ,เมื่อเข้าสู่วัยสูงอายุสิ่งที่ตามมาคือความเสื่อมของสภาพร่างกายทั้งการมองเห็นการเดิน  การทรงตัว  ข้อเข่า  ข้อเท้าเสื่อมเกิดการอ…,https://multimedia.anamai.moph.go.th/help-knowledgs/heath_me_14_child_6/
(ผ้า) อนามัย ใกล้ตัว,ของใช้คู่กายที่คุณผู้หญิงมักพกติดตัวหรือมีไว้ติดบ้านตลอดเวลาจะมีมากมายหลายชนิดทั้งเครื่องสำอาง ครีมบำรุงผิว หรือเครื่องประดับแต่ที่ขาดไม่ได้…,https://multimedia.anamai.moph.go.th/help-knowledge/categories/mom-and-child/
ผ่อนคลาย (ถนอม) สายตา,“ดวงตา”  เป็นอวัยวะที่สำคัญของร่างกายช่วยในการมองเห็น  ถ้าตามองไม่เห็นหรือสายตาเลือนราง  ก็จะเป็นอุปสรรคต่อการทำงาน  หรื…,https://multimedia.anamai.moph.go.th/help-knowledgs/heath_me_14_child_6/
ล้าง (ภาชนะ) แบบนี้ ดีแน่,จาน  ชาม  และภาชนะต่างๆหลังผ่านการใช้งาน  ควรล้างทำความสะอาดทันทีเพื่อป้องกันไม่ให้เป็นแหล่งสะสมของเชื้อโรคโดยอุปกรณ์การล้างต…,https://multimedia.anamai.moph.go.th/help-knowledgs/heath_me_13_child_5/
นมฟลูออไรด์  ป้องกันฟันผุ,“ดื่มนมทุกวันร่างกายแข็งแรง”  หลายคนคงชินกับคำคำนี้ และรู้ดีว่า “นม” มีแคลเซียมสูง ช่วยให้กระดูกแข็งแรง ร่างกาย เจริญเติบโตสมวัย ส…,https://multimedia.anamai.moph.go.th/help-knowledge/categories/mom-and-child/
สารอาหารสำคัญ… คุณแม่ตั้งครรภ์ห้ามพลาด,“You are what you eat กินอย่างไร ได้อย่างนั้น” หลายคนคงเคยได้ยินประโยคนี้ นั่นหมายถึงว่า ถ้ากินอาหารที่ดีมีประโยชน์ก็จะทำให้เรา มีสุขภาพที่ด…,https://multimedia.anamai.moph.go.th/help-knowledgs/heath_me_13_child_5/
ป่วยเบาหวาน…ก็ออกกำลังกายได้,การออกกำลังกาย เป็นสิ่งที่มีประโยชน์และทำได้ง่าย แม้ในผู้ป่วยที่เป็นโรคเบาหวาน ผู้ป่วยเบาหวานที่ออกกำลังกายเป็นประจำและถูกวิธี  จะช่วยใ…,https://multimedia.anamai.moph.go.th/help-knowledgs/heath_me_12_child_4/
ลดปัญหา (กลืน) ยาสีฟัน,ธรรมชาติของเด็กเล็กๆ ขณะที่แปรงฟันมัก ต้องบีบปริมาณยาสีฟันให้เหมาะสม เด็กเล็กที่อายุ กลืนยาสีฟันเข้าไป เนื่องจากยังไม่สามารถควบคุม ต่ำกว่า 3…,https://multimedia.anamai.moph.go.th/help-knowledge/categories/mom-and-child/
ปัสสาวะ…เรื่อง (ไม่) ธรรมดา ไกล,“ปัสสาวะ”  ถือเป็นเรื่องใกล้ตัวของคนเราทุกคนเรียกได้ว่าเป็นกิจวัตรประจำวันตั้งแต่ตื่นนอนจนกระทั่งเข้านอน  แต่การจะปัสสาวะอย่างไรให…,https://multimedia.anamai.moph.go.th/help-knowledgs/heath_me_12_child_4/
รู้จัก…โรคที่ (เรา) สร้างเอง,การใช้วิถีชีวิตที่เต็มไปด้วยความเร่งรีบ ทำให้มีเวลาดูแลเอาใจใส่ตนเองน้อย ทั้งยัง เครียดกับงาน และกินอาหารที่ไม่มีประโยชน์ ไม่ออกกำลังกาย ก่อ…,https://multimedia.anamai.moph.go.th/help-knowledgs/heath_me_11_child_3/
กำจัด 3 แมลงร้าย (ง่ายๆ) ในบ้าน,“แมลงร้าย” ที่มักสร้างปัญหาในชีวิต ประจำวัน ซึ่งเรามักคุ้นกันดีคือ แมลงวัน แมลงสาบ และยุง แมลงเหล่านี้เป็นพาหะ นำโรคต่างๆ ทั้ง โรคอุจจาระร่ว…,https://multimedia.anamai.moph.go.th/help-knowledge/categories/mom-and-child/
“โฟม”กล่องซ่อนมะเร็ง,คนส่วนใหญ่มักคุ้นเคยกับภาชนะบรรจุอาหารประเภทโฟมที่นอกจากสะดวกพกพาง่ายแล้ว  ยังไม่ต้องล้างทำความสะอาดเรียกว่ากินแล้วทิ้งได้เลย แต่ภาชนะโ…,https://multimedia.anamai.moph.go.th/help-knowledgs/heath_me_11_child_3/
หนีห่าง…คอมพิวเตอร์ซินโดรม,หนุ่มสาวออฟฟิศและเด็กที่ใช้ชีวิตติดคอมพิวเตอร์เป็นเวลานานไม่ว่าจะทำงาน หรือเล่มเกมหากมีปวดศีรษะ  ปวดเมื่อย  ปวดหลังปวดไหล่  ป…,https://multimedia.anamai.moph.go.th/help-knowledgs/heath_me_10_child_2/
จัดการเสื้อกันหนาวมือสอง…ให้ปลอด (เชื้อ) โรค,เมื่อลมหนาวมาเยือน  ถึงเวลาต้องหา เสื้อกันหนาวมาสวมใส่สร้างความอบอุ่นให้ร่างกาย ใครที่ซื้อเสื้อใหม่แกะกล่องไม่ต้องกังวล อะไร…แต่ถ…,https://multimedia.anamai.moph.go.th/help-knowledge/categories/mom-and-child/
3 จุดสำคัญ ห้ามลืมกันแดด,ในแต่ละวัน…ผิวของเราต้องสัมผัสกับแสงแดด แต่จะมากน้อยขึ้นอยู่กับปัจจัยที่แตกต่างกันไป แต่สิ่งหนึ่งที่ทุกคนอาจจะได้รับเหมือนกันคือ …,https://multimedia.anamai.moph.go.th/help-knowledgs/heath_me_10_child_2/
สู้ภัยน้ำท่วมกับชุดนายสะอาด,เข้าฤดูฝนเมื่อไหร่..สิ่งที่น่าตื่นเต้น  คือเข้าฤดูฝนเมื่อไหร่..สิ่งที่น่าตื่นเต้น  คือผู้ผ่านประสบการณ์น้ำท่วมอาจจะรู้สึกเฉยๆ แต่ส…,https://multimedia.anamai.moph.go.th/help-knowledgs/heath_me_9_child_1/
อันตราย… จากควันธูป,การทำบุญ..ไหว้พระเป็นประเพณีชาวไทย ที่ถือปฏิบัติมายาวนาน โดยใช้ธูปเทียนแสดง ความเคารพสิ่งศักดิ์สิทธิ์ที่เรานับถือบูชาเมื่อจุดธูปมากๆ ในแต่ละ…,https://multimedia.anamai.moph.go.th/help-knowledge/categories/mom-and-child/
อาหาร… ไม่ทำร้ายฟัน,การใส่ใจสุขภาพช่องปากและฟัน แค่การ แปรงฟันทุกวัน หรือพบทันตแพทย์ทุก 6 เดือน อาจไม่เพียงพอ ถ้ายังรับประทานอาหารที่ไม่ส่งผลดี ต่อฟัน การเลือกร…,https://multimedia.anamai.moph.go.th/help-knowledgs/heath_me_9_child_1/
เล่นประทัด พลุ ดอกไม้ไฟ…เสี่ยงหูตึง,ประทัด  พลุ  ดอกไม้ไฟ  มักมาพร้อมกับงานเทศกาลรื่นเริงต่างๆหลายครั้งที่ความสวยงามเหล่านี้    เป็นอุบัติเหตุที่ไ…,https://multimedia.anamai.moph.go.th/help-knowledgs/heath_me_8_pregnant_1/
“คิด” ก่อน “ทิ้ง” ลดขยะล้น,“ขยะ” หรือ “สิ่งปฏิกูล” เป็นสิ่งที่ทุกบ้านต้องทิ้งกันแทบทุกวัน ในประเทศไทยมีปริมาณขยะ  4  หมื่นตันต่อวัน  หรือ  14….,https://multimedia.anamai.moph.go.th/help-knowledge/categories/mom-and-child/
ทำอย่างไรดี? เมื่อท่อตัน,“ท่อน้ำทิ้งตัน”  ปัญหาภายในบ้านที่พบบ่อยๆ  ทั้งจากท่อน้ำทิ้งในห้องน้ำ  อ่างล้างจานในห้องครัว  เกิดจากเศษสิ่งของอุดตันทาง…,https://multimedia.anamai.moph.go.th/help-knowledgs/heath_me_8_pregnant_1/
แมลงสาบ   ศัตรูตัวร้ายประจำบ้าน,ถ้าให้นึกถึงสัตว์นำโรคตัวร้ายประจำบ้าน สิ่งที่หลายๆ คนคิดเหมือนกัน คือ “แมลงสาบ”เพราะไม่ว่าจะเป็นห้องน้ำ ห้องครัว หรือ ห้องรับแขก ถ้าสกปรกแล…,https://multimedia.anamai.moph.go.th/help-knowledgs/heath_me_7_work_1/
กำจัดโทรศัพท์มือถือ (ไม่) สิ้นซาก,เทคโนโลยีที่ก้าวล้ำนำสมัย ทำให้โลก ปัจจุบันเป็นโลกแห่งการสื่อสารไร้พรมแดน อุปกรณ์การสื่อสารจึงใช้อำนวยความสะดวกสบาย ในชีวิตประจำวัน แต่การพั…,https://multimedia.anamai.moph.go.th/help-knowledge/categories/working-age/
ปัสสาวะช่วยโลก,“ปัสสาวะ” ที่เราขับออกมาทุกวันนั้น กลับคืนเป็นทรัพยากรที่มีประโยชน์ ประโยชน์ที่ว่านี้ คือ สารอาหารที่อยู่ใน อุจจาระและปัสสาวะ จะถูกรีไซเคิลน…,https://multimedia.anamai.moph.go.th/help-knowledgs/heath_me_7_work_1/
รถเข็นไทย…จะไปอาเซียน,ถึงเวลาท้องร้อง..ต้องมองหามื้ออาหารที่ อร่อย รถเข็นขายอาหารจึงเป็นสิ่งที่ทุกคนนึกถึง อันดับแรกๆ ในประเทศไทยเมื่อมองไปทางไหนจะ เห็นรถเข็นขายอ…,https://multimedia.anamai.moph.go.th/help-knowledgs/heath_me_5_eat_1-2/
ตะเกียบใช้แล้วไม่ทิ้ง เสี่ยงอันตราย,ตะเกียบ อุปกรณ์หนึ่งที่นิยมใช้มาก กับอาหารประเภทก๋วยเตี๋ยว มีทั้งประเภทที่ ทำความสะอาดแล้วนำมาใช้ใหม่ และประเภทที่ ใช้ครั้งเดียวแล้วทิ้…,https://multimedia.anamai.moph.go.th/help-knowledge/categories/working-age/
น้ำแข็ง…ดับร้อน,อากาศร้อนแบบนี้ ถ้าได้น้ำสักแก้ว ใส่น้ำแข็งเย็นๆ  คงทำให้ร่างกายสดชื่นขึ้น  แต่ มั่นใจได้อย่างไรว่าน้ำแข็งที่ใส่จะสะอาดและ ปลอดภัย…,https://multimedia.anamai.moph.go.th/help-knowledgs/heath_me_5_eat_1-2/
ตรุษจีนปลอดภัย..ไร้โรค,“เทศกาลตรุษจีน” เทศกาลสำคัญของคนไทยเชื้อสายจีนเป็นการรวมญาติของวงศ์ตระกูล และเป็นเทศกาลแห่งการไหว้เจ้า ไหว้บรรพบุรุษ ซึ่งที่คนไทยเชื้อสายจีน…,https://multimedia.anamai.moph.go.th/help-knowledgs/heath_me_5_eat_1/
รู้ทัน…น้ำส้มสายชู,“น้ำส้มสายชู” ตัวชูรสที่สร้างความเปรี้ยวให้ อาหารหลากหลายชนิด เช่น อาหารประเภท ก๋วยเตี๋ยวและราดหน้า น้ำส้มสายชูที่ขายในตลาดนั้นมีหลาย ประเภท…,https://multimedia.anamai.moph.go.th/help-knowledge/categories/working-age/
อันตราย… ขวดน้ำพลาสติกใช้ซ้ำ,ร้อนๆ อย่างนี้ ถ้าได้ดื่มน้ำสักขวดก็คงจะดี แต่สมัยนี้อันตรายมักแฝงกายอยู่รอบตัว จะดื่มน้ำแต่ละครั้งต้องระมัดระวัง เพราะไม่เช่นนั้น อาจเจอแจ็…,https://multimedia.anamai.moph.go.th/help-knowledgs/heath_me_5_eat_1/
กินอาหารถุง ต้องอุ่นร้อน,อาหารถุง…ความสะดวกของแม่บ้านในยุคนี้ เป็นอาหารที่ปรุงสำเร็จพร้อมนำกลับไปบริโภคได้ ทันที มีให้เลือกหลากหลายทั้งต้ม นึ่ง ผัด ทอด ยำ และห…,https://multimedia.anamai.moph.go.th/help-knowledgs/heath_me_1_dust_1-4/
ช้อนกลาง เกราะกั้นโรค,การใช้ช้อนกลางทุกครั้งเมื่อกินอาหาร ร่วมกับผู้อื่น ถือเป็นพฤติกรรมอนามัยที่ถูกต้อง ประโยชน์ของช้อนกลางใช้ตักแบ่งอาหาร ใส่จาน และป้องกันโรคที…,https://multimedia.anamai.moph.go.th/help-knowledge/categories/mom-and-child/
กินร้อน ช้อนกลาง ล้างมือ,“กินร้อน ช้อนกลาง ล้างมือ” สโลแกนนี้ คุ้นหูและได้ยินมานาน ซึ่งหลายคนเข้าใจว่า การ กินร้อน คือ ให้กินอาหารที่มีความร้อน ใช้ช้อน กลางทุกครั้งเ…,https://multimedia.anamai.moph.go.th/help-knowledgs/heath_me_1_dust_1-4/
นมฟลูออไรด์ ป้องกันฟันผุ,“ดื่มนมทุกวันร่างกายแข็งแรง” หลายๆ คนคงชินกับคำคำนี้ และรู้ดีว่า “นม” มีแคลเซียมสูง ช่วยให้กระดูกแข็งแรง ร่างกายเจริญเติบโตสมวัย ส่วน “ฟลูออ…,https://multimedia.anamai.moph.go.th/help-knowledgs/080264/
ถึงจะใส่ฟัน (เทียม)…ก็ต้องหมั่นดูแล,ผู้ที่สูญเสียฟันทุกคน ควรใส่ฟันเทียม (ฟันปลอม) ทดแทน เพื่อทำหน้าที่แทนฟันแท้ ที่ต้องสูญเสียการบดเคี้ยวอาหาร การออกเสียงพูด บุคลิกภาพ ความสวย…,https://multimedia.anamai.moph.go.th/help-knowledge/categories/environment/
8 โรคต้องระวัง…เมื่อขูดหินปูน,การดูแลสุขภาพร่างกายตนเองให้แข็งแรง รอบด้านนั้นสำคัญ  รวมถึงสุขภาพปากและฟันที่ ไม่ควรละเลย เพราะตัวการที่คอยทำลาย คือ หินปูน หินน้ำลาย …,https://multimedia.anamai.moph.go.th/help-knowledgs/080264/
จัดฟัน สวย..แบบไม่เสี่ยง,การ “จัดฟัน” หรือ “ดัดฟัน” กำลังฮิต ในหมู่วัยรุ่นอย่างมาก บางคนถึงขั้นยอม “จัดฟันเถื่อน” เพราะว่า ราคาถูก เพื่อให้ได้เหล็กและลวดสีเก๋ๆ มาติด…,https://multimedia.anamai.moph.go.th/help-knowledgs/child-rearing/
สระว่ายน้ำกับโรคฟันกร่อน,สระว่ายน้ำกับเด็กๆ เป็นของคู่กันเสมอ ในช่วงปิดเทอมหน้าร้อน สระว่ายน้ำมักเต็มไปด้วย เด็กๆ ที่พ่อแม่ผู้ปกครองสนับสนุนการใช้เวลาว่าง ให้เป็นประ…,https://multimedia.anamai.moph.go.th/help-knowledge/categories/mom-and-child/
แปรงสีฟันขนนุ่ม แก้ฟันสึกและเสียวฟัน,แปรงสีฟันช่วยลดปัญหาฟันสึกและเสียวฟันได้ จากการตรวจสอบคุณภาพตามมาตรฐาน แปรงสีฟันของกรมอนามัย พบว่า แปรงสีฟันที่ขาย ตามห้างสรรพสินค้า ร้านสะด…,https://multimedia.anamai.moph.go.th/help-knowledgs/child-rearing/
น้ำเย็น…ทำเสียว (ฟัน),ลมหนาวพัดมาแล้วเมื่อถึงเวลาสัมผัสน้ำเย็นในช่วงอาบน้ำ  ล้างหน้าหรือแปรงฟัน  ช่วงที่ใครหลายๆ  คน  ต้องทำใจอยู่นาน  แต…,https://multimedia.anamai.moph.go.th/help-knowledgs/yoyoeffect/
สูตรเด็ด 2 : 2 : 2 ป้องกันฟัน,อาการปวดฟันจนร้องไห้งอแงของลูกน้อยปัญหาใหญ่ที่ผู้ปกครองควรคำนึงตัวการที่ก่อปัญหาฟันผุมีหลายสาเหตุหลักๆ  คือการกินอาหารรสหวานมากเกินไป&amp;n…,https://multimedia.anamai.moph.go.th/help-knowledge/categories/covid19/
เช็ดปาก…ทำความสะอาดฟันลูกน้อย,สุขภาพช่องปากทารกจะดีได้  ต้องเริ่มตั้งแต่การดูแลความสะอาดแรกเกิด  เมื่อลูกหย่านมแม่และหันไปดูดนมขวดหากคุณพ่อคุณแม่ไม่ได้ทำความสะอ…,https://multimedia.anamai.moph.go.th/help-knowledgs/yoyoeffect/
ฟันดี..ซี่แรก,พ่อแม่ส่วนใหญ่มักคิดว่าฟันซี่แรกหรือ“ฟันน้ำนม”  ของลูกน้อยอยู่ไม่นานเดี๋ยวก็หลุดไป เมื่อเกิดฟันแท้ค่อยเริ่มดูแล  หรือรอให้เด็…,https://multimedia.anamai.moph.go.th/help-knowledgs/covid19-keep-the-package-safe/
ปั่น ปั่น สร้างสุขภาพ,การออกกำลังกายมีให้เลือกมากมายหลาย ประเภท ทั้งการวิ่ง เต้นแอโรบิก โยคะ ว่ายน้ำหรือ ฟิตเนส ขึ้นกับความชอบแต่ละคนว่าจะเลือก ออกกำลังกายแบบไหน …,https://multimedia.anamai.moph.go.th/help-knowledge/categories/covid19/
หุ่นดี สุขภาพดี“ฮูลาฮูป”,เดี๋ยวนี้ มองไปทางไหนเริ่มเห็นสาวๆ (แทบ)ทุกวันหันมาพกห่วงกันว่าเล่น…แต่อย่าเพิ่งเข้าใจผิด  เพราะห่วงที่ว่า  คือ  ห่วงฮู…,https://multimedia.anamai.moph.go.th/help-knowledgs/covid19-keep-the-package-safe/
นมแม่ วัคซีนหยดแรกของชีวิต,กรมอนามัยกระทรวงสาธารณสุข สนับสนุนให้สมาชิกในครอบครัว  คือ  พ่อ  แม่  ลูก  ได้อยู่ร่วมกันอย่างมีความสุขลูกได้รับควา…,https://multimedia.anamai.moph.go.th/help-knowledgs/covid19-suggestion2-self-defense4workers-to-keep-clean/
เลือกคู่ เลือกครรภ์ เลือกคลอด ปลอดธาลัสซีเมีย,“ธาลัสซีเมีย”  ใกล้ตัวกว่าที่คุณคิด  แต่ตรวจพบและป้องกันได้ในหญิงตั้งครรภ์ เพราะธาลัสซีเมียพบและป้องกันได้ในหญิงตั้งครรภ์ เพราะธาล…,https://multimedia.anamai.moph.go.th/help-knowledge/categories/covid19/
ดื่มนมได้…สบายท้อง,ใครที่ไม่เคยดื่มนมมานานแล้ว อยู่ดีๆ ก็คิดจะดื่มนมขึ้นมา  อาจเกิดอาการไม่สบายในท้องได้เป็นที่น่าสังเกตว่า…คนเอเชีย  เมื่อพ้นว…,https://multimedia.anamai.moph.go.th/help-knowledgs/covid19-suggestion2-self-defense4workers-to-keep-clean/
คิดก่อนกิน… แมลงทอด,การกินแมลงทอด  เป็นที่นิยมทั้งในกลุ่มคนไทยและต่างชาติ  ซึ่งแมลงที่นิยมกินกันนี้มีด้วยกัน 7 ชนิด ได้แก่ ดักแด้หนอนไหม หนอนไม้ไผ่แมง…,https://multimedia.anamai.moph.go.th/help-knowledgs/covid19-suggestion-solid-waste-management-lgo/
ปัสสาวะ…เรื่อง (ไม่) ธรรมดา ใกล้ตัว,“ปัสสาวะ”  ถือเป็นเรื่องใกล้ตัวของคนเราทุกคนเรียกได้ว่าเป็นกิจวัตรประจำวันตั้งแต่ตื่นนอนจนกระทั่งเข้านอน  แต่การจะปัสสาวะอย่างไรให…,https://multimedia.anamai.moph.go.th/help-knowledge/categories/covid19/
รู้จัก…โรคที่ (เรา) สร้างเอง,การใช้วิถีชีวิตที่เต็มไปด้วยความเร่งรีบ ทำให้มีเวลาดูแลเอาใจใส่ตนเองน้อย ทั้งยัง เครียดกับงาน และกินอาหารที่ไม่มีประโยชน์ ไม่ออกกำลังกาย ก่อ…,https://multimedia.anamai.moph.go.th/help-knowledgs/covid19-suggestion-solid-waste-management-lgo/
ภัยร้าย (แฝง) เครื่องปรับอากาศ,ชีวิตประจำวันของเราวนเวียนอยู่กับแอร์แทบจะตลอดเวลาทั้งกลางวันและกลางคืนทั้งในบ้าน  ที่ทำงานโรงแรม  หรือห้างสรรพสินค้าแต่คุณรู้หรือ…,https://multimedia.anamai.moph.go.th/help-knowledgs/covid19-songkranfes-2020/
กำจัด 3 แมลงร้าย (ง่ายๆ) ในบ้าน,“แมลงร้าย” ที่มักสร้างปัญหาในชีวิต ประจำวัน ซึ่งเรามักคุ้นกันดีคือ แมลงวัน แมลงสาบ และยุง แมลงเหล่านี้เป็นพาหะ นำโรคต่างๆ ทั้ง โรคอุจจาระร่ว…,https://multimedia.anamai.moph.go.th/help-knowledge/categories/covid19/
มีคู่…ดูให้ดี,ความรัก…ห้ามไม่ได้  เป็นเรื่องอารมณ์มากกว่าเหตุผล  การเลือกใครสักคนครองคู่ชีวิตหากใช้อารมณ์อย่างเดียว อาจได้คนเคียงข้างที่ไม…,https://multimedia.anamai.moph.go.th/help-knowledgs/covid19-songkranfes-2020/
รู้จักสารพฤกษเคมี ในผลไม้ 5 สี,เมืองไทยมีผลไม้มากมายหลายชนิดให้ เลือกกิน  แต่หากแบ่งตามลักษณะสีผลไม้นั้นๆ ก็จะเห็นถึงคุณค่าและประโยชน์มากมายมหาศาล ผลไม้หลายประเภทให้&amp;…,https://multimedia.anamai.moph.go.th/help-knowledgs/food-and-nutrition-management-during-the-14-days-of-staying-home/
ดื่มนมได้…สบายท้อง,ใครที่ไม่เคยดื่มนมมานานแล้ว อยู่ดีๆ ก็คิดจะดื่มนมขึ้นมา  อาจเกิดอาการไม่สบายในท้องได้เป็นที่น่าสังเกตว่า…คนเอเชีย  เมื่อพ้นว…,https://multimedia.anamai.moph.go.th/help-knowledge/categories/covid19/
ส้วมกตัญญู ของขวัญล้ำค่าผู้สูงวัย ส้วมไทย ต้นแบบ สุขาภิบาลโลก,ในอดีตที่ผ่านมา ส้วมเป็นปัญหาพื้นฐานที่สำคัญทางด้านสุขาภิบาลสิ่งแวดล้อมของประเทศไทย กระทรวงสาธารณะสุขโดยกรมอนามัย จึงได้เริ่มดำเนินการเ…,https://multimedia.anamai.moph.go.th/help-knowledgs/food-and-nutrition-management-during-the-14-days-of-staying-home/
สมเด็จย่าทรงพระเมตตา ให้ปวงประชามีฟันดี “ลดฟันผุเด็กไทย…ด้วยคนในครอบครัว”,สมเด็จพระศรีนครินทราบรมราชชนนีทรงสนพระทัยในเรื่องบริการทันตกรรมเป็นพิเศษได้ทรงกำชับไว้ว่า“ต้องมีทันตแพทย์ไปช่วยชาวบ้านทุกครั้งเนื่องจากคนไข้…,https://multimedia.anamai.moph.go.th/help-knowledgs/pregnant-planning/
10 อันดับการออกกำลังกาย คนไทยปี 2558,การออกกำลังกายเพื่อสุขภาพว่าไม่ใช่แนวโน้ม์ใหม่ที่เพิ่งเกิดขึ้น ทว่ากลับเป็นกระแสที่กำลังมาแรงในปัจจุบันท่ามกลางสภาพแวดล้อมของโลกยุคโลกาภิวัฒ…,https://multimedia.anamai.moph.go.th/help-knowledge/categories/mom-and-child/
คนไทยขาดสารไอโอดีน หนึ่งปัญหาสาธารณสุขที่ทรงห่วงใย,การควบคุมและการป้องกันโรคขาดสารไอโอดีนจะดำเนินการได้อย่างประสิทธิภาพและประสิทธิผล เกิดจากความร่วมมือของหน่วยงานที่เกี่ยวข้องทั้งภาครัฐและเอก…,https://multimedia.anamai.moph.go.th/help-knowledgs/pregnant-planning/
ดูแลสุขภาพช่องปากผู้สูงอายุ สูตร 222 เพิ่มรอยยิ้ม เพิ่มความสุข,โรคในช่องปาก ปัญหาที่(ต้อง)พบ สามารถแพร่กระจายไปยังอวัยวะอื่นๆ  ที่ทำให้เกิดการติดเชื้อได้  โดยเฉพาะกลุ่มผู้ที่มีความเสี่ยง ต…,https://multimedia.anamai.moph.go.th/help-knowledgs/makhaboocha-make-merit-to-save-the-world/
มะเร็งเต้านมกับสตรีไทย,"จากการสำรวจในปี  2553  พบผู้ป่วยมะเร็งเต้านมรายใหม่จำนวนกว่า  10,000  ราย  ต่อปี  และเสียชีวิต 4,665 รายต่อปี …",https://multimedia.anamai.moph.go.th/help-knowledge/categories/environment/
เปลี่ยนชีวิตเด็กอ้วน… ด้วยโภชนาการ ออกกำลังกาย,ความเชื่อที่ว่า “เด็กอ้วน” คือเด็กน่ารัก จ้ำม่ำ น่ากอด น่าอุ้ม ถ้าเป็นเ แต่ปัจจุบัน พ่อแม่ ผู้ปกครอง ควรทบทวนและปรับเปลี่ยนความคิดกันใหม่ เ …,https://multimedia.anamai.moph.go.th/help-knowledgs/makhaboocha-make-merit-to-save-the-world/
ควรชั่งใจก่อนกิน เพราะแต่ละคำ แต่ละมื้อ แต่ละวัน มีผลต่อ สุขภาพทั้งสิ้น,“ไข่แลกยาเก่า” ที่ให้นำยาแผนปัจจุบันทุกชนิดไป แลกไข่ไก่ เพื่อรณรงค์ให้ประชาชน ลดการใช้ยา ซึ่งได้รับการตอบรับที่ดีมากจากประชาชน อย่างไรก็ตาม …,https://multimedia.anamai.moph.go.th/help-knowledgs/home-2/
อาหารดีเพื่อสุขภาพ,สังคมทั่วโลกในปัจจุบันนี้เป็นยุคที่ทุกคนต้อง สำคัญกับเรื่องอาหารการกิน เพราะสิ่งที่เราแข่งขันกัน ทำให้มีเวลาดูแลตัวเองน้อยลงกินเข้าไป  …,https://multimedia.anamai.moph.go.th/help-knowledge/categories/environment/
สุขภาพดีเริ่มต้นที่… อาหาร ลด หวาน มัน เค็ม,ลด หวาน มัน เค็ม อาหารเป็นสิ่งที่ร่างกายได้รับโดยการกิน ดื่ม หรือการได้รับทางหลอดเลือดก่อให้เกิดประโยชน์ ต่อร่างกาย แต่ถ้าพฤติกรรมการกินไม่ถ…,https://multimedia.anamai.moph.go.th/help-knowledgs/home-2/
อาหารเช้ามื้อสำคัญ ไม่ควรมองข้าม,อาหารมื้อเช้าเป็นมื้ออาหารที่สำคัญ  โดยทุกเช้าทุกคนต่างรีบเร่งเพื่อออกไปเรียน  ไปทำงานอาจทำให้หลายคนไม่ทานหรือละเลย  “อาหารเช…,https://multimedia.anamai.moph.go.th/help-knowledgs/cart-2/
หน้าหนาว…ใส่ใจดูแลสุขภาพ,เมื่อถึงช่วงปลายๆ ปี และต่อเนื่องไปจนถึงต้นปีใหม่ หลายๆ พื้นที่ต้องประสบ ภัยหนาว… ผลกระทบที่ตามมาอย่างเห็นได้ชัดคือ ปัญหาสุขภาพ การเจ็…,https://multimedia.anamai.moph.go.th/help-knowledge/categories/environment/
สุขภาพดี เริ่มต้นที่การกิน,สิ่งที่ต้องเร่งดำเนินการในขณะนี้ คือส่งเสริม ให้คนไทยเข้าใจและมีพฤติกรรมการบริโภคที่ เหมาะสม ซึ่งกรมอนามัย ได้ให้ความสำคัญ และเร่งดำเนินการล…,https://multimedia.anamai.moph.go.th/help-knowledgs/cart-2/
เลือกรองเท้าพร้อมก้าวเดิน,การเลือกรองเท้าออกกำลังกายสักคู่หนึ่ง ใช่ว่าจะสวมใส่รองเท้าแบบไหนก็ได้ หรือจะเลือก แต่แบบที่สวยงามเท่านั้น จริงๆ แล้ว คุณสมบัติรองเท้าออก กำ…,https://multimedia.anamai.moph.go.th/help-knowledgs/butcher/
5ท่า คลายเมื่อยหลังพวงมาลัย,เมื่อต้องขับรถทางไกลนานๆ ความเมื่อยล้า เป็นอีกหนึ่งปัญหาที่ต้องพบ ควรรู้จักวิธีการ ผ่อนคลาย หากปล่อยไว้จะเสี่ยงต่อการเกิดอุบัติเหตุ ผู้ขับขี…,https://multimedia.anamai.moph.go.th/help-knowledge/categories/nutrition/
ออกกำลังกายในน้ำคลายร้อน,การออกกำลังกายในน้ำแบ่งได้ 2 รูปแบบ คือ การออกกำลังกายในน้ำลึก “Deep Water Exercise” ออกกำลังกายในระดับน้ำลึกเท้าแตะไม่พื้น สระว่ายน้ำ เหมาะ…,https://multimedia.anamai.moph.go.th/help-knowledgs/butcher/
ออกกำลังกาย คลายเครียด,ปัจจุบันความเครียดเรื่องใกล้ตัวของ ทุกคน จากการดำเนินชีวิตที่เร่งรีบ และเต็มไป ด้วยการแข่งขันเพื่อตอบสนองความต้องการ หลายด้าน ทั้งเรื่องส่วน…,https://multimedia.anamai.moph.go.th/help-knowledgs/plastic-bag/
ต่างวัย ออกกำลังกายต่างกัน,การออกกำลังกายเพื่อสุขภาพเปรียบ เสมือนการ ให้้อาหารเสริมที่ดีกับชีวิตทุกคน จึงควรออกกำลังกายสม่ำเสมอ ด้วยสภาพร่างกาย ที่แตกต่างกันในแต่ละวัย…,https://multimedia.anamai.moph.go.th/help-knowledge/categories/environment/
ร้อนจัด ระวังโรคลมเเดด,อากาศก็ร้อน แสงแดดก็แรงในฤดูร้อนไม่เหมาะกับการทำงานหรือออกกำลังกายกลางแดดนานๆ เพราะเสี่ยงเป็นโรคลมแดด โรคลมแดด  หรือฮีทสโตรก  (Hea…,https://multimedia.anamai.moph.go.th/help-knowledgs/plastic-bag/
สูงวัย อายุยืน,ประเทศไทยกำลังก้าวเข้าสู่สังคมผู้สูงอายุ เทียบจากอัตราประชากรทั้งหมดของประเทศไทย 64.5 ล้านคน ในจำนวนนี้เป็นผู้สูงอายุมากกว่า 60 ปี 9.4 ล้านค…,https://multimedia.anamai.moph.go.th/help-knowledgs/gift-baskets/
พ่อเเม่ในฝัน ของลูกวัยรุ่น,การสร้างความสัมพันธ์ในครอบครัวจึง เป็นสิ่งที่พ่อแม่ทุกคนควรใส่ใจ เพราะจะ ช่วยให้ครอบครัวอบอุ่นมากยิ่งขึ้น และช่วยป้องกันปัญหาที่อาจเกิดจาก อ…,https://multimedia.anamai.moph.go.th/help-knowledge/categories/nutrition/
สุขภาพชาย วัยทอง,ธรรมชาติสร้างผู้ชายให้ร่างกายมีโครงสร้างใหญ่ กล้ามเนื้อมาก  และแข็งแรง เมื่อเข้าสู่ช่วงอายุมากกว่า 40 ปี ร่างกายเริ่มเสื่อมถอย การทำงาน…,https://multimedia.anamai.moph.go.th/help-knowledgs/gift-baskets/
สกัดโรค มือ เท้า ปาก,การดูแลสุขภาพเด็กถือเป็นเรื่องสำคัญ ยิ่งเด็กที่มีภูมิต้านทานต่ำยิ่งต้องดูแลเป็นพิเศษ โดยเฉพาะในช่วงฤดูฝน นอกจากจะต้องระวังไข้หวัด โรคทางเดิน…,https://multimedia.anamai.moph.go.th/help-knowledgs/pollution/
ป้องกันลูกจากหวัดหน้าฝน,เมื่อเข้าสู่ฤดูฝน ครอบครัวที่มีเด็กเล็กหรือวัยก่อนเรียน ควรระมัดระวังสุขภาพเป็นพิเศษ เนื่องจากเมื่อเด็กโดนละอองฝนหรือตากฝนโดยไม่ป้องกัน ย่อม…,https://multimedia.anamai.moph.go.th/help-knowledge/categories/environment/
หญิงท้องสูบบุหรี่”เสี่ยงเเท้ง” เด็กในท้องปากเเหว่ง”เพดานโหว่”,โทษภัยจากบุหรี่จะส่งผลต่อสุขภาพผู้เสพ และยังส่งผลต่อทารกในครรภ์ หากหญิง ตั้งครรภ์ เป็นสิงห์อมควันที่เลิกบุหรี่ไม่ได้ ทั่วโลกมีผู้สูบบุหรี่ 1…,https://multimedia.anamai.moph.go.th/help-knowledgs/pollution/
คุม…คุ้ม…ปลอดภัย,“คุม” ในที่นี้คือ “คุมกำเนิด” การป้องกันที่ดีที่สุดเมื่อยังไม่พร้อมจะมีบุตร แต่หลายคนไม่คิดเช่นนั้น ปล่อยให้เกิดการท้องที่ไม่พร้อม หรือท้องท…,https://multimedia.anamai.moph.go.th/help-knowledgs/gift/
ตักบาตร..ให้ได้บุญ,วันมาฆบูชา วันสำคัญที่พุทธศาสนิกชน ชาวไทยจะได้ทำบุญตักบาตรกันอย่างไรเพื่ิอให้ได้สุขภาพและป้องกันโรคของพระสงฆ์ เป็นเมนูที่ประกอบด้วยแป้ง น้ำต…,https://multimedia.anamai.moph.go.th/help-knowledge/categories/environment/
ผัก ผลไม้…กับมะเร็ง,กินผักผลไม้ทุกวัน ช่วยให้ร่างกายแข็งแรงลดความเสี่ยงการเกิดมะเร็งด้วย นอกจากการกินผักแล้ว การล้างผัก ผลไม้ให้สะอาดก็สำคัญ เพราะหากละเลยอาจมี …,https://multimedia.anamai.moph.go.th/help-knowledgs/gift/
พิษร้าย ปลาปักเป้า,แม้ว่าจะมีการเตือนถึงอันตรายของพิษปลาปักเป้า และห้ามนำเนื้อปลามาบริโภค แต่เราคงได้ยินข่าวว่า ประชาชนกินเนื้อปลา ปักเป้าจนเสียชีวิตอยู่บ่อยคร…,https://multimedia.anamai.moph.go.th/help-knowledgs/sun-2/
กินอาหารปิ้ง-ย่างคลายหนาว ระวังเสี่ยงมะเร็ง,ปีนี้ลมหนาวมาทักทายทุกปี หลายๆ คนเริ่มนำผ้าพันคอ เสื้อกันหนาวมาสวมใส่ เพิ่มความอบอุ่นให้ร่างกาย ทำให้สาวๆ และ หนุ่มๆ สนุกกับการแต่งกายมากขึ้…,https://multimedia.anamai.moph.go.th/help-knowledge/categories/environment/
ขับถ่ายไม่คล่อง…ท้องผูก…โรคเกิด,คนเราสามารถขับของเสียออกจากร่างกายได้หลายรูปแบบ ไม่ว่าจะเป็นการหายใจ การถ่ายปัสสาวะ เหงื่อ และการถ่ายอุจจาระในแตล่ะวันปริมาณการขับถ่ายอุจจาร…,https://multimedia.anamai.moph.go.th/help-knowledgs/sun-2/
ควบคุม”เบาหวาน”ด้วยการ(เลือก)กิน,ในช่วงชีวิตคนเรา คงไม่มีใครที่อยากป่วยเป็น “เบาหวาน” แต่เมื่อป่วยแล้วต้องรู้จักดูแลสุขภาพตนเอง การเลือกกินอาหารแต่ละมื้อเพื่อควบคุมระดับน้ำต…,https://multimedia.anamai.moph.go.th/help-knowledgs/photocopier/
ตักบาตรสร้างบุญ,การตักบาตรเป็นการทำบุญที่ชาวไทยปฏิบัติมาเป็นเวลานาน สิ่งที่ผู้คนนิยมใส่บาตรส่วนใหญ่เป็นอาหารกระป๋องและอาหารปรุงสำเร็จ ขนมหวาน โดยลืมคิดว่า เ…,https://multimedia.anamai.moph.go.th/help-knowledge/categories/working-age/
3 อ. สูตรเด็ด…พิชิตอ้วนลงพุง,น้ำหนัก “เกิน” รอบเอว “หนา” ปัญหาหลักของคนยุคนี้ หากยังคงสนุกเพลินกับการกินและเมินการออกกำลังกายไม่นานโรคร้ายต้องรุมเร้า เห็นได้ชัดคือ โรคอ้…,https://multimedia.anamai.moph.go.th/help-knowledgs/photocopier/
อาหารป้องกันสิว,“สิว” สิ่งที่ใครๆ ไม่ต้องการ แต่ปัญหานี้ยังพบมากในวัยรุ่น ซึ่งเกิดจากความผิดปกติของต่อมไขมันที่ผิวหนังส่วนใหญ่จะเกิดบนใบหน้า บางคนจะเกิดบน ห…,https://multimedia.anamai.moph.go.th/help-knowledgs/mushroom/
ขนมหวาน…หวานซ่อนโรค,ไม่ว่าจะเป็นเทศกาลไหนๆ ขนมหวานมักเป็นทางเลือกที่มอบให้เป็นของขวัญแก่กัน โดยเฉพาะขนมหวานประเภทเค้ก คุกกี้ หรือช็อกโกแลต ซึ่งมีส่วนผสมของแป้ง …,https://multimedia.anamai.moph.go.th/help-knowledge/categories/nutrition/
“ลดหวาน” วาเทนไทน์,เทศกาลวาเลนไทน์ในเดือนแห่งความรัก การเริ่มต้นของคู่รักหลายๆ คู่ ที่ต่างมอง สิ่งที่ดีที่ สุดเป็นสื่อรักแทนใจ ซึ่งที่ฮอตที่สุด ก็คงหนีไม่พ้น ด…,https://multimedia.anamai.moph.go.th/help-knowledgs/mushroom/
ไม่ติดหวาน”ลูกหลานสุขภาพดี”,เมื่อเอ่ยถึงคำว่า “หวาน” คนส่วนใหญ่มักคิดถึงน้ำตาล น้ำตาลทำไมถึงทำให้ติดได้ ติดแล้วมีผลต่อสุขภาพอย่างไร การกินหวานไม่ผิด…แต่กินอย่างไร…,https://multimedia.anamai.moph.go.th/help-knowledgs/sleep-2/
เพิ่มไอโอดีน เพิ่มไอคิว,           คนไทยรู้จัก “โรคขาดสารไอโอดีน” มานานแล้ว แต่ในช่วงเวลานั้น คนส่วนใหญ่เข้าใจเพียง  ด้านเดียวว่า…,https://multimedia.anamai.moph.go.th/help-knowledge/categories/dental/
กินเจ สร้างบุญ ลดโรค,     เทศกาลกินเจ เป็นช่วงเวลาร่วมกันสร้างบุญ ลด ละ เนื้อสัตว์ กินผัก ถั่วเมล็ดแห้งแทน แต่ต้องไม่ลืมสุขภาพด้วยเพราะอาหารเจที่ว…,https://multimedia.anamai.moph.go.th/help-knowledgs/sleep-2/
ข้าวโพด…โภชนาการดี๊ดี,ข้าวโพด…อีกหนึ่งพืชเศรษฐกิจของเมืองไทย ซึ่งปัจจุบันให้เลือกกินกันหลากหลายสายพันธุ์  ข้าวโพดเลี้ยงสัตว์หรือข้าวโพดไร่ (Field Corn)…,https://multimedia.anamai.moph.go.th/help-knowledgs/cold/
เรื่องกล้วย…(ไม่)กล้วย,“กล้วย”ผลไม้ที่มีคุณค่าทางโภชนาการเเละประโยชน์มากมาย โดยเฉพาะกล้วยน้ำว้าที่นับตั้งเเต่อดีตถึงปัจจุบันคงพบเห็นปลูกไว้ภายในบ้านด้ว…,https://multimedia.anamai.moph.go.th/help-knowledge/categories/mom-and-child/
กินผักสด ต้านภัยหนาว,         เมื่ออากาศเริ่มหนาว สิ่งที่พ่อแม่ที่มีเด็กเล็กเริ่มเป็นห่วงกันก็คือ การเจ็บป่วยด้วยโรคในช่วงหน้าหนาว ทั้งไ…,https://multimedia.anamai.moph.go.th/help-knowledgs/cold/
ไข่…ไข่…ไข่เมนูใกล้ตัว,“ไข่” อาหารสารพัดนึก            ที่พูดอย่างนี้.. เพราะไข่อาหารประจำบ้านที่หาซื้อง่าย และทำอาหารได้…,https://multimedia.anamai.moph.go.th/help-knowledgs/tattoo/
ครบ3มื้อ ทุกวัน สุขภาพดี,เคยสังเกตตัวเองบ้างไหมว่าในแต่ละวัน…คุณกินอาหารครบ 3 มื้อ หรือไม่ การละเลยอาหารในแต่ละมื้อ เพราะการทำงาน หรือเร่งรีบหลักหนีการจราจรที่…,https://multimedia.anamai.moph.go.th/help-knowledge/categories/teen/
ดื่มนม…เหมาะสมตามวัย,            มาดื่มนมกันเถอะ เพราะการดื่มนมทุกวันช่วยให้ร่างกายเเข็งแรง…คำเชิญชวนนี้ยังใช้และได้ยินเป็นปร…,https://multimedia.anamai.moph.go.th/help-knowledgs/tattoo/
รับความรู้เรื่องการเลี้ยงลูกจาก “9 ย่างเพื่อสร้างลูก” แฟนเพจ,นอกจากคุณพ่อคุณแม่จะติดตามเพจ 9 ย่างเพื่อสร้างลูกนี้แล้ว ยังสามารถสมัครรับข้อความที่ทางเราคัดเลือกมาแล้วว่าเหมาะสมกับอายุของเด็กกันได้ทุกวัน…,https://multimedia.anamai.moph.go.th/help-knowledgs/mers/
ครอบครัวฉันฟันไม่ผุ,          การมีสุขภาพฟันดีตลอดชีวิตเป็นปัจจัยสำคัญที่ทำให้ดำรงชีวิตอย่างมีความสุข ดังนั้นการดูแ…,https://multimedia.anamai.moph.go.th/help-knowledge/categories/environment/
สา’สุข ชัวร์ : คำแนะนำการป้องกันความเสี่ยงและการดูแลตัวเอง  กรณีความร้อน,คำแนะนำการป้องกันความเสี่ยงและการดูแลตัวเอง  กรณีความร้อน 1. เด็กแรกเกิด – 5 ขวบ :  “อากาศร้อน ต้องดูแลเด็กอย่างใกล้ชิด” ดูแล…,https://multimedia.anamai.moph.go.th/help-knowledgs/mers/
กรมอนามัย เตือน คนติดหวานแม้ดื่มสูตรน้ำตาล 0% เสี่ยงอ้วน,  #ANAMAINEWS กรมอนามัย กระทรวงสาธารณสุข เตือน ผู้ที่ชอบดื่มน้ำหวาน และน้ำอัดลมทั้งแบบธรรมดาหรือสูตรไม่มีน้ำตาล ในปริมาณมากและเป็น…,https://multimedia.anamai.moph.go.th/help-knowledgs/anamai/
กรมอนามัย เตือน สั่งหมูกระทะเดลิเวอรีเสี่ยงได้วัตถุดิบไม่สด ไม่สะอาด กินไปอาจทำให้ท้องร่วง,  #ANAMAINEWS กรมอนามัย กระทรวงสาธารณสุข เตือนประชาชนที่นิยมสั่งอาหารประเภทหมูกระทะแบบเดลิเวอรีหรือ สั่งทางออนไลน์ หากมีกระบวนการผ…,https://multimedia.anamai.moph.go.th/help-knowledge/categories/environment/
สา’สุข ชัวร์ : แหล่งน้ำศักดิ์สิทธิ์ ดื่ม-อาบ มีสิทธิ์รับเชื้อโรคปนเปื้อน,แหล่งน้ำศักดิ์สิทธิ์ ดื่ม-อาบ มีสิทธิ์รับเชื้อโรคปนเปื้อน             กรมอนามัย กระทร…,https://multimedia.anamai.moph.go.th/help-knowledgs/anamai/
สา’สุข ชัวร์ : ข้อแนะนำการออกกำลังกายในภาวะฝุ่น,ข้อแนะนำการออกกำลังกายในภาวะฝุ่น วันที่  31 มกราคม 2562 สถานการณ์ ความสำคัญ ปัญหาที่พบ สิบเนื่องสถานการณ์ปัจจุบัน ระดับค่าฝุ่นละอองขนาด…,https://multimedia.anamai.moph.go.th/help-knowledgs/foam-box-2/
การกินแบบ Ketogenic,การกินแบบ Ketogenic ปัจจุบันนี้กระแสการลดน้ำหนักเปลี่ยนไปเรื่อยๆทุกปีไม่ต่างกับเทรนด์แฟชั่น ซึ่งในตอนนี้กระแสการกินแบบใหม่ที่ช่วยลดน้ำหนักที…,https://multimedia.anamai.moph.go.th/help-knowledge/categories/environment/
สร้างจิตใจที่แจ่มใสให้ผู้สูงอายุด้วยกิจกรรมทางสังคม,ความชราคือธรรมชาติของมนุษย์ที่ไม่สามารถหลีกเลี่ยงได้ แต่ในสังคมผู้สูงอายุมักจะถูกมองว่าเป็นคนแก่เลอะเลือน ทำอะไรไม่ค่อยได้ ความคิดอ่านโบราณ …,https://multimedia.anamai.moph.go.th/help-knowledgs/foam-box-2/
วิธีใส่ถุงยางอนามัยที่ถูกต้อง,ถุงยางอนามัยกับวัยรุ่นมักเป็นสิ่งที่หลายคนมองข้าม เนื่องจากหลายคนมักกลัวหรือเขินอายการไปซื้อถุงยางอนามัยมาใช้ ซึ่งทำให้เกิดปัญหาตามมากับวัยร…,https://multimedia.anamai.moph.go.th/help-knowledgs/lightning-strike/
5 อาการที่พบบ่อยในคนท้อง,เมื่อผู้หญิงแต่ละคนเริ่มตั้งครรภ์ตั้งแต่สัปดาห์แรกจะมีการแสดงออกของอาการทางร่างกายที่เปลี่ยนแปลงไปจากเดิม ทั้งนี้อาจเป็นผลมาจากการแสดงออกของ…,https://multimedia.anamai.moph.go.th/help-knowledge/categories/environment/
10 ผักและผลไม้ที่มีวิตามินซีสูงที่สุด,วิตามินซีกับผิวพรรณเป็นของคู่กัน แล้วคุณรู้หรือไม่ว่า วิตามินซีหาได้ใกล้ตัวคุณ! วิตามินซีทำให้ผิวพรรณดีขึ้นได้ นอกจากนั้นแล้ววิตามินซียังมีค…,https://multimedia.anamai.moph.go.th/help-knowledgs/lightning-strike/
การคัดแยกขยะเริ่มต้นได้ที่ตัวคุณ,ข้อมูลจากกรมทรัพยากรธรรมชาติและสิ่งแวดล้อมเผย ในปี 2559 มีขยะมูลฝอยเกิดขึ้นในประเทศไทยมากถึง 27.06 ล้านตัน เมื่อเทียบปริมาณขยะแล้วใน 1 วัน ม…,https://multimedia.anamai.moph.go.th/help-knowledgs/stapler/
นับวันไข่ตกอย่างไรไม่ให้พลาด,รอบเดือนกับการตกไข่เป็นเรื่องใกล้ตัวของผู้หญิงหลายคน การนับวันตกไข่สำหรับผู้หญิงเป็นตัวช่วยที่ดีสำหรับการวางแผนความพร้อมในการตั้งครรภ์ และเน…,https://multimedia.anamai.moph.go.th/help-knowledge/categories/environment/
4 ความเชื่อผิดๆ เกี่ยวกับโภชนาการสำหรับเด็กในวัยเรียน,ความเชื่อเกี่ยวกับอาหารเกิดขึ้นได้หลายรูปแบบทั้งจากการฟังปากต่อปากหรือการรับชมจากสื่อต่างๆ แต่หลายคนก็อาจยังไม่รู้ว่าการที่เด็กขาดหรือได้รับ…,https://multimedia.anamai.moph.go.th/help-knowledgs/stapler/
3 ข้อที่ควรรู้เกี่ยวกับการลดต้นขาที่ถูกต้อง,เพียงเวลาล่วงเลยไปแค่ไม่กี่เดือนก่อน หลายคนเปิดดูรูปเก่าๆ แล้วคงต้องร้องว่า “เอาตัวฉันตอนนั้นคืนมา” เพราะตอนนี้รูปร่างของเราดูอวบอิ่มกว่าตอน…,https://multimedia.anamai.moph.go.th/help-knowledgs/rain-2/
สร้างเสริมสุขภาวะของผู้สูงอายุด้วยการออกกำลังกาย,ประเทศไทยกำลังก้าวเข้าสู่สังคมผู้สูงอายุ (Aging society) ตั้งแต่ปี 2560 เป็นต้นมา พบว่าประเทศไทยมีประชากรเด็กอายุต่ำกว่า 15 ปี น้อยกว่าผู้สู…,https://multimedia.anamai.moph.go.th/help-knowledge/categories/environment/
“น้ำนมแม่” ประโยชน์แท้จากธรรมชาติ,องค์การอนามัยโลก (WHO) และยูนิเซฟ แนะนำว่าลูกควรได้กินนมแม่อย่างเดียว ตั้งแต่แรกเกิดถึง 6 เดือน และควรกินต่อเนื่องไปจนลูกอายุ 2 ปี หรือนานกว…,https://multimedia.anamai.moph.go.th/help-knowledgs/rain-2/
เด็กไทยกับโรคฟันผุ ปัญหาใหญ่ที่ส่งผลถึงอนาคต,จากการสำรวจสถานการณ์ฟันผุในเด็กไทยพบว่าเด็กเริ่มมีฟันผุตั้งแต่อายุ 9 เดือน และพบว่าเด็กอายุ 3 ปีมีฟันผุเฉลี่ย 3 ซี่ต่อคน สาเหตุหลักของฟันผุใ…,https://multimedia.anamai.moph.go.th/help-knowledgs/garbage/
ฟลูออไรด์มีประโยชน์อย่างไร,ฟลูออไรด์เป็นเกลือของธาตุฟลูออรีน พบได้ทั้งที่เกิดขึ้นเองตาม ธรรมชาติมีทั่วไปในดิน น้ำ อากาศ หินแร่ ในอาหารบางชนิด โดยเฉพาะ อาหารทะเล และในพ…,https://multimedia.anamai.moph.go.th/help-knowledge/categories/environment/
เด็กจมน้ำ ป้องกันได้,กิจกรรมหนึ่งที่เด็กๆ ชื่นชอบ คือ การเล่นน้ำ ในช่วงหน้าร้อนทั้งสระว่ายน้ำ สวนน้ำ สถานที่ท่องเที่ยวตามน้ำตก และแหล่งน้ำธรรมชาติ บ่อหรือคลอง จะ…,https://multimedia.anamai.moph.go.th/help-knowledgs/garbage/
ป้องกันลูกจากหวัดหน้าฝน,เมื่อเข้าสู่ฤดูฝน ครอบครัวที่มีเด็กเล็กหรือวัยก่อนเรียน ควรระมัดระวังสุขภาพเป็นพิเศษ เนื่องจากเมือเด็กโดนละอองฝนหรือตากฝนโดยไม่ป้องกัน ย่อมท…,https://multimedia.anamai.moph.go.th/help-knowledgs/farmer/
4ร. สกัดโรคมือ เท้า ปาก,การดูแลสุขภาพเด็กถือเป็นเรื่องสำคัญ ยิ่งเด็กที่มีภูมิต้านทานต่ำยิ่งต้องดูแลเป็นพิเศษ โดยเฉพาะในช่วงฤดูฝน นอกจากจะต้องระวังไข้หวัด โรคทางเดิน…,https://multimedia.anamai.moph.go.th/help-knowledge/categories/working-age/
สารอาหารสำคัญ คุณแม่ตั้งครรภ์ห้ามพลาด,“You are what you eat กินอย่างไร ได้อย่างนั้น” หลายคนคงเคยได้ยินประโยคนี้ นั่นหมายถึงว่า ถ้ากินอาหารที่ดีมีประโยชน์ก็จะทำให้เรา มีสุขภาพที่ด…,https://multimedia.anamai.moph.go.th/help-knowledgs/farmer/
